チーム名,ポジション,名前,生年月日,身長,体重
阪神タイガース,監督,藤川　球児,1980.07.21,,
阪神タイガース,投手,岩崎　優,1991.06.19,185,92
阪神タイガース,投手,岩貞　祐太,1991.09.05,183,86
阪神タイガース,投手,西　勇輝,1990.11.10,181,83
阪神タイガース,投手,伊原　陵人,2000.08.07,170,75
阪神タイガース,投手,下村　海翔,2002.03.27,174,70
阪神タイガース,投手,大竹　耕太郎,1995.06.29,184,87
阪神タイガース,投手,椎葉　剛,2002.03.18,183,92
阪神タイガース,投手,伊藤　将司,1996.05.08,179,83
阪神タイガース,投手,今朝丸　裕喜,2006.06.02,188,75
阪神タイガース,投手,髙橋　遥人,1995.11.07,181,82
阪神タイガース,投手,門別　啓人,2004.07.10,183,86
阪神タイガース,投手,才木　浩人,1998.11.07,189,90
阪神タイガース,投手,畠　世周,1994.05.31,186,94
阪神タイガース,投手,及川　雅貴,2001.04.18,184,86
阪神タイガース,投手,村上　頌樹,1998.06.25,175,84
阪神タイガース,投手,ルーカス,1996.09.23,191,94
阪神タイガース,投手,早瀬　朔,2007.08.30,185,79
阪神タイガース,投手,ラグズデール,1998.05.25,203,106
阪神タイガース,投手,桐敷　拓馬,1999.06.20,179,92
阪神タイガース,投手,茨木　秀俊,2004.06.08,183,87
阪神タイガース,投手,工藤　泰成,2001.11.19,177,82
阪神タイガース,投手,富田　蓮,2001.09.06,176,78
阪神タイガース,投手,早川　太貴,1999.12.18,186,93
阪神タイガース,投手,木下　里都,2001.01.27,183,89
阪神タイガース,投手,能登　嵩都,2001.09.29,184,88
阪神タイガース,投手,石黒　佑弥,2001.06.20,180,86
阪神タイガース,投手,岡留　英貴,1999.11.07,181,96
阪神タイガース,投手,湯浅　京己,1999.07.17,183,86
阪神タイガース,投手,津田　淳哉,2001.08.27,179,82
阪神タイガース,投手,石井　大智,1997.07.29,175,79
阪神タイガース,投手,ドリス,1988.01.10,196,106
阪神タイガース,投手,モレッタ,1996.04.15,188,102
阪神タイガース,捕手,梅野　隆太郎,1991.06.17,173,75
阪神タイガース,捕手,坂本　誠志郎,1993.11.10,176,79
阪神タイガース,捕手,伏見　寅威,1990.05.12,182,89
阪神タイガース,捕手,榮枝　裕貴,1998.05.16,180,84
阪神タイガース,捕手,町田　隼乙,2003.04.03,186,86
阪神タイガース,捕手,長坂　拳弥,1994.04.28,173,84
阪神タイガース,捕手,藤田　健斗,2001.10.18,173,78
阪神タイガース,捕手,中川　勇斗,2004.01.27,172,76
阪神タイガース,捕手,嶋村　麟士朗,2003.07.13,177,90
阪神タイガース,内野手,元山　飛優,1998.12.04,181,82
阪神タイガース,内野手,木浪　聖也,1994.06.15,179,81
阪神タイガース,内野手,大山　悠輔,1994.12.19,181,96
阪神タイガース,内野手,熊谷　敬宥,1995.11.10,175,69
阪神タイガース,内野手,中野　拓夢,1996.06.28,172,68
阪神タイガース,内野手,佐藤　輝明,1999.03.13,187,96
阪神タイガース,内野手,立石　正広,2003.11.01,180,87
阪神タイガース,内野手,ディベイニー,1997.04.13,185,88
阪神タイガース,内野手,谷端　将伍,2004.03.17,178,80
阪神タイガース,内野手,糸原　健斗,1992.11.11,175,80
阪神タイガース,内野手,小幡　竜平,2000.09.21,184,78
阪神タイガース,内野手,佐野　大陽,2002.02.14,178,79
阪神タイガース,内野手,山田　脩也,2005.08.20,177,72
阪神タイガース,内野手,百﨑　蒼生,2005.09.11,179,77
阪神タイガース,内野手,植田　海,1996.04.19,175,69
阪神タイガース,内野手,髙寺　望夢,2002.10.17,178,78
阪神タイガース,外野手,森下　翔太,2000.08.14,182,93
阪神タイガース,外野手,近本　光司,1994.11.09,171,71
阪神タイガース,外野手,濱田　太貴,2000.09.04,177,81
阪神タイガース,外野手,岡城　快生,2003.06.23,183,83
阪神タイガース,外野手,井坪　陽生,2005.03.17,177,89
阪神タイガース,外野手,島田　海吏,1996.02.06,176,74
阪神タイガース,外野手,前川　右京,2003.05.18,176,92
阪神タイガース,外野手,小野寺　暖,1998.03.17,183,81
阪神タイガース,外野手,豊田　寛,1997.04.28,178,87
阪神タイガース,外野手,福島　圭音,2001.10.06,171,69
広島東洋カープ,監督,新井　貴浩,1977.01.30,,
広島東洋カープ,投手,齊藤　汰直,2003.12.07,183,90
広島東洋カープ,投手,森浦　大輔,1998.06.15,175,78
広島東洋カープ,投手,大瀬良　大地,1991.06.17,188,94
広島東洋カープ,投手,森　翔平,1998.01.01,177,86
広島東洋カープ,投手,常廣　羽也斗,2001.09.18,180,82
広島東洋カープ,投手,森下　暢仁,1997.08.25,181,81
広島東洋カープ,投手,床田　寛樹,1995.03.01,181,94
広島東洋カープ,投手,栗林　良吏,1996.07.09,177,88
広島東洋カープ,投手,中﨑　翔太,1992.08.10,187,101
広島東洋カープ,投手,髙　太一,2001.07.26,179,89
広島東洋カープ,投手,黒原　拓未,1999.11.29,173,83
広島東洋カープ,投手,益田　武尚,1998.10.06,174,86
広島東洋カープ,投手,佐藤　柳之介,2002.11.01,179,88
広島東洋カープ,投手,ケムナ　誠,1995.06.05,190,98
広島東洋カープ,投手,滝田　一希,2001.12.28,183,89
広島東洋カープ,投手,高橋　昂也,1998.09.27,182,91
広島東洋カープ,投手,工藤　泰己,2003.09.29,175,87
広島東洋カープ,投手,塹江　敦哉,1997.02.21,178,89
広島東洋カープ,投手,赤木　晴哉,2003.10.05,191,86
広島東洋カープ,投手,長谷部　銀次,1998.07.29,184,90
広島東洋カープ,投手,鈴木　健矢,1997.12.11,176,80
広島東洋カープ,投手,ターノック,1998.11.24,193,105
広島東洋カープ,投手,島内　颯太郎,1996.10.14,180,84
広島東洋カープ,投手,松本　竜也,1999.09.18,178,100
広島東洋カープ,投手,髙木　快大,2004.03.19,180,80
広島東洋カープ,投手,斉藤　優汰,2004.05.27,189,99
広島東洋カープ,投手,アドゥワ　誠,1998.10.02,196,80
広島東洋カープ,投手,岡本　駿,2002.06.12,186,89
広島東洋カープ,投手,玉村　昇悟,2001.04.16,179,89
広島東洋カープ,投手,遠藤　淳志,1999.04.08,186,90
広島東洋カープ,投手,菊地　ハルン,2007.01.21,200,117
広島東洋カープ,投手,ハーン,1994.08.30,198,118
広島東洋カープ,投手,日髙　暖己,2004.09.16,183,75
広島東洋カープ,投手,辻　大雅,2004.08.29,182,88
広島東洋カープ,捕手,會澤　翼,1988.04.13,175,95
広島東洋カープ,捕手,坂倉　将吾,1998.05.29,177,91
広島東洋カープ,捕手,石原　貴規,1998.02.03,173,88
広島東洋カープ,捕手,持丸　泰輝,2001.10.26,177,91
広島東洋カープ,捕手,清水　叶人,2004.07.06,176,92
広島東洋カープ,捕手,髙木　翔斗,2003.08.12,188,93
広島東洋カープ,内野手,羽月　隆太郎,2000.04.19,168,70
広島東洋カープ,内野手,勝田　成,2003.06.21,163,70
広島東洋カープ,内野手,矢野　雅哉,1998.12.16,171,72
広島東洋カープ,内野手,小園　海斗,2000.06.07,178,92
広島東洋カープ,内野手,堂林　翔太,1991.08.17,184,94
広島東洋カープ,内野手,佐々木　泰,2002.12.24,178,86
広島東洋カープ,内野手,菊池　涼介,1990.03.11,171,71
広島東洋カープ,内野手,林　晃汰,2000.11.16,181,100
広島東洋カープ,内野手,渡邉　悠斗,2002.07.07,182,100
広島東洋カープ,内野手,西川　篤夢,2007.12.28,184,77
広島東洋カープ,内野手,仲田　侑仁,2005.07.31,187,103
広島東洋カープ,内野手,内田　湘大,2004.09.22,183,97
広島東洋カープ,内野手,辰見　鴻之介,2000.11.24,176,67
広島東洋カープ,内野手,前川　誠太,2003.04.04,176,66
広島東洋カープ,内野手,佐藤　啓介,2001.05.24,182,93
広島東洋カープ,内野手,モンテロ,1998.08.17,190,106
広島東洋カープ,内野手,二俣　翔一,2002.10.21,180,78
広島東洋カープ,外野手,秋山　翔吾,1988.04.16,186,86
広島東洋カープ,外野手,野間　峻祥,1993.01.28,182,87
広島東洋カープ,外野手,平川　蓮,2004.03.31,187,93
広島東洋カープ,外野手,末包　昇大,1996.05.27,188,108
広島東洋カープ,外野手,久保　修,2000.09.29,181,83
広島東洋カープ,外野手,大盛　穂,1996.08.31,179,84
広島東洋カープ,外野手,田村　俊介,2003.08.25,178,95
広島東洋カープ,外野手,ファビアン,1998.03.06,180,92
広島東洋カープ,外野手,中村　奨成,1999.06.06,181,89
広島東洋カープ,外野手,中村　貴浩,2000.04.09,177,87
横浜DeNAベイスターズ,監督,相川　亮二,1976.07.11,,
横浜DeNAベイスターズ,投手,デュプランティエ,1994.07.11,193,103
横浜DeNAベイスターズ,投手,東　克樹,1995.11.29,170,80
横浜DeNAベイスターズ,投手,竹田　祐,1999.07.05,184,96
横浜DeNAベイスターズ,投手,伊勢　大夢,1998.03.07,183,94
横浜DeNAベイスターズ,投手,石田　健大,1993.03.01,180,85
横浜DeNAベイスターズ,投手,島田　舜也,2003.04.30,185,95
横浜DeNAベイスターズ,投手,大貫　晋一,1994.02.03,181,76
横浜DeNAベイスターズ,投手,小園　健太,2003.04.09,185,90
横浜DeNAベイスターズ,投手,山﨑　康晃,1992.10.02,179,88
横浜DeNAベイスターズ,投手,坂本　裕哉,1997.07.28,181,88
横浜DeNAベイスターズ,投手,入江　大生,1998.08.26,187,90
横浜DeNAベイスターズ,投手,吉野　光樹,1998.07.19,176,80
横浜DeNAベイスターズ,投手,藤浪　晋太郎,1994.04.12,197,98
横浜DeNAベイスターズ,投手,篠木　健太郎,2002.05.07,177,80
横浜DeNAベイスターズ,投手,武田　陸玖,2005.06.06,173,78
横浜DeNAベイスターズ,投手,橋本　達弥,2000.07.18,181,84
横浜DeNAベイスターズ,投手,尾形　崇斗,1999.05.15,182,90
横浜DeNAベイスターズ,投手,松本　凌人,2001.12.05,185,92
横浜DeNAベイスターズ,投手,若松　尚輝,2000.05.10,184,93
横浜DeNAベイスターズ,投手,佐々木　千隼,1994.06.08,181,83
横浜DeNAベイスターズ,投手,コックス,1997.03.28,193,106
横浜DeNAベイスターズ,投手,深沢　鳳介,2003.11.05,177,80
横浜DeNAベイスターズ,投手,森原　康平,1991.12.26,185,88
横浜DeNAベイスターズ,投手,坂口　翔颯,2002.09.12,180,84
横浜DeNAベイスターズ,投手,片山　皓心,1998.10.31,175,84
横浜DeNAベイスターズ,投手,ルイーズ,1994.10.21,185,111
横浜DeNAベイスターズ,投手,中川　颯,1998.10.10,184,80
横浜DeNAベイスターズ,投手,石田　裕太郎,2002.01.22,180,80
横浜DeNAベイスターズ,投手,平良　拳太郎,1995.07.12,180,80
横浜DeNAベイスターズ,投手,レイノルズ,1998.04.19,203,113
横浜DeNAベイスターズ,投手,中川　虎大,1999.10.02,178,85
横浜DeNAベイスターズ,投手,宮城　滝太,2000.07.15,181,80
横浜DeNAベイスターズ,投手,岩田　将貴,1998.06.16,178,81
横浜DeNAベイスターズ,投手,堀岡　隼人,1998.09.11,183,87
横浜DeNAベイスターズ,投手,マルセリーノ,2002.06.16,191,82
横浜DeNAベイスターズ,捕手,松尾　汐恩,2004.07.06,178,82
横浜DeNAベイスターズ,捕手,戸柱　恭孝,1990.04.11,179,90
横浜DeNAベイスターズ,捕手,益子　京右,2000.12.27,176,95
横浜DeNAベイスターズ,捕手,山本　祐大,1998.09.11,180,87
横浜DeNAベイスターズ,捕手,東妻　純平,2001.07.03,174,83
横浜DeNAベイスターズ,捕手,古市　尊,2002.06.15,176,74
横浜DeNAベイスターズ,捕手,九鬼　隆平,1998.09.05,180,85
横浜DeNAベイスターズ,内野手,林　琢真,2000.08.24,171,80
横浜DeNAベイスターズ,内野手,牧　秀悟,1998.04.21,178,97
横浜DeNAベイスターズ,内野手,小田　康一郎,2003.08.15,173,85
横浜DeNAベイスターズ,内野手,森　敬斗,2002.01.28,177,80
横浜DeNAベイスターズ,内野手,京田　陽太,1994.04.20,184,90
横浜DeNAベイスターズ,内野手,筒香　嘉智,1991.11.26,185,97
横浜DeNAベイスターズ,内野手,三森　大貴,1999.02.21,186,76
横浜DeNAベイスターズ,内野手,柴田　竜拓,1993.12.16,167,68
横浜DeNAベイスターズ,内野手,宮下　朝陽,2004.01.26,182,88
横浜DeNAベイスターズ,内野手,加藤　響,2002.06.15,180,85
横浜DeNAベイスターズ,内野手,井上　朋也,2003.01.28,182,91
横浜DeNAベイスターズ,内野手,石上　泰輝,2001.05.18,172,85
横浜DeNAベイスターズ,内野手,成瀬　脩人,2001.05.23,175,75
横浜DeNAベイスターズ,内野手,宮﨑　敏郎,1988.12.12,172,85
横浜DeNAベイスターズ,内野手,田内　真翔,2007.03.06,177,81
横浜DeNAベイスターズ,内野手,ビシエド,1989.03.10,185,108
横浜DeNAベイスターズ,外野手,度会　隆輝,2002.10.04,183,83
横浜DeNAベイスターズ,外野手,佐野　恵太,1994.11.28,178,88
横浜DeNAベイスターズ,外野手,神里　和毅,1994.01.17,179,86
横浜DeNAベイスターズ,外野手,勝又　温史,2000.05.22,180,90
横浜DeNAベイスターズ,外野手,井上　絢登,2000.02.23,178,90
横浜DeNAベイスターズ,外野手,梶原　昂希,1999.09.19,189,90
横浜DeNAベイスターズ,外野手,蝦名　達夫,1997.09.20,185,93
横浜DeNAベイスターズ,外野手,関根　大気,1995.06.28,173,78
横浜DeNAベイスターズ,外野手,濱　将乃介,2000.05.03,181,83
横浜DeNAベイスターズ,外野手,ヒュンメル,1994.11.28,175,89
読売ジャイアンツ,監督,阿部　慎之助,1979.03.20,,
読売ジャイアンツ,投手,田中　将大,1988.11.01,188,102
読売ジャイアンツ,投手,大勢,1999.06.29,183,90
読売ジャイアンツ,投手,西舘　勇陽,2002.03.11,185,88
読売ジャイアンツ,投手,山﨑　伊織,1998.10.10,181,81
読売ジャイアンツ,投手,戸郷　翔征,2000.04.04,187,85
読売ジャイアンツ,投手,竹丸　和幸,2002.02.26,179,76
読売ジャイアンツ,投手,ウィットリー,1997.09.15,201,94
読売ジャイアンツ,投手,ハワード,1996.07.28,190,95
読売ジャイアンツ,投手,田和　廉,2003.05.02,183,87
読売ジャイアンツ,投手,赤星　優志,1999.07.02,175,82
読売ジャイアンツ,投手,山城　京平,2003.09.20,174,70
読売ジャイアンツ,投手,中川　皓太,1994.02.24,183,86
読売ジャイアンツ,投手,マタ,1999.05.03,190,101
読売ジャイアンツ,投手,則本　昂大,1990.12.17,178,89
読売ジャイアンツ,投手,田中　瑛斗,1999.07.13,184,84
読売ジャイアンツ,投手,又木　鉄平,1999.02.12,182,95
読売ジャイアンツ,投手,森田　駿哉,1997.02.11,185,88
読売ジャイアンツ,投手,ルシアーノ,2000.02.15,190,95
読売ジャイアンツ,投手,バルドナード,1993.02.01,196,122
読売ジャイアンツ,投手,高梨　雄平,1992.07.13,175,86
読売ジャイアンツ,投手,松浦　慶斗,2003.07.01,187,100
読売ジャイアンツ,投手,北浦　竜次,2000.01.12,184,103
読売ジャイアンツ,投手,宮原　駿介,2002.09.12,174,85
読売ジャイアンツ,投手,船迫　大雅,1996.10.16,174,80
読売ジャイアンツ,投手,横川　凱,2000.08.30,190,98
読売ジャイアンツ,投手,泉　圭輔,1997.03.02,188,87
読売ジャイアンツ,投手,山田　龍聖,2000.09.07,184,92
読売ジャイアンツ,投手,石川　達也,1998.04.15,178,83
読売ジャイアンツ,投手,平内　龍太,1998.08.01,185,95
読売ジャイアンツ,投手,堀田　賢慎,2001.05.21,186,90
読売ジャイアンツ,投手,マルティネス,1996.10.11,193,93
読売ジャイアンツ,投手,井上　温大,2001.05.13,176,86
読売ジャイアンツ,捕手,甲斐　拓也,1992.11.05,170,87
読売ジャイアンツ,捕手,小林　誠司,1989.06.07,178,86
読売ジャイアンツ,捕手,大城　卓三,1993.02.11,187,97
読売ジャイアンツ,捕手,岸田　行倫,1996.10.10,176,90
読売ジャイアンツ,捕手,郡　拓也,1998.04.25,179,88
読売ジャイアンツ,捕手,山瀬　慎之助,2001.05.04,177,89
読売ジャイアンツ,内野手,湯浅　大,2000.01.24,172,73
読売ジャイアンツ,内野手,増田　大輝,1993.07.29,172,71
読売ジャイアンツ,内野手,吉川　尚輝,1995.02.08,177,82
読売ジャイアンツ,内野手,門脇　誠,2001.01.24,172,75
読売ジャイアンツ,内野手,坂本　勇人,1988.12.14,186,86
読売ジャイアンツ,内野手,石塚　裕惺,2006.04.06,182,94
読売ジャイアンツ,内野手,ダルベック,1995.06.29,191,102
読売ジャイアンツ,内野手,浦田　俊輔,2002.08.30,171,67
読売ジャイアンツ,内野手,小濱　佑斗,2001.10.05,180,86
読売ジャイアンツ,内野手,泉口　友汰,1999.05.17,178,84
読売ジャイアンツ,内野手,リチャード,1999.06.18,189,120
読売ジャイアンツ,内野手,荒巻　悠,2002.12.23,184,100
読売ジャイアンツ,内野手,増田　陸,2000.06.17,179,92
読売ジャイアンツ,内野手,宇都宮　葵星,2004.06.23,175,70
読売ジャイアンツ,内野手,平山　功太,2004.03.16,185,82
読売ジャイアンツ,内野手,藤井　健翔,2007.08.15,181,96
読売ジャイアンツ,外野手,丸　佳浩,1989.04.11,177,94
読売ジャイアンツ,外野手,松本　剛,1993.08.11,180,83
読売ジャイアンツ,外野手,萩尾　匡也,2000.12.28,180,85
読売ジャイアンツ,外野手,キャベッジ,1997.05.03,188,92
読売ジャイアンツ,外野手,岡田　悠希,2000.01.19,184,86
読売ジャイアンツ,外野手,皆川　岳飛,2003.04.30,182,88
読売ジャイアンツ,外野手,中山　礼都,2002.04.12,182,90
読売ジャイアンツ,外野手,佐々木　俊輔,1999.11.06,174,80
読売ジャイアンツ,外野手,浅野　翔吾,2004.11.24,172,89
読売ジャイアンツ,外野手,若林　楽人,1998.04.13,178,83
読売ジャイアンツ,外野手,三塚　琉生,2004.05.10,182,93
東京ヤクルトスワローズ,監督,池山　隆寛,1965.12.17,,
東京ヤクルトスワローズ,投手,キハダ,1995.11.09,180,97
東京ヤクルトスワローズ,投手,石山　泰稚,1988.09.01,182,83
東京ヤクルトスワローズ,投手,中村　優斗,2003.02.08,176,86
東京ヤクルトスワローズ,投手,清水　昇,1996.10.15,180,95
東京ヤクルトスワローズ,投手,奥川　恭伸,2001.04.16,184,82
東京ヤクルトスワローズ,投手,石川　雅規,1980.01.22,167,73
東京ヤクルトスワローズ,投手,木澤　尚文,1998.04.25,183,90
東京ヤクルトスワローズ,投手,吉村　貢司郎,1998.01.19,183,85
東京ヤクルトスワローズ,投手,星　知弥,1994.04.15,183,91
東京ヤクルトスワローズ,投手,山野　太一,1999.03.24,173,81
東京ヤクルトスワローズ,投手,松本　健吾,1999.04.14,180,83
東京ヤクルトスワローズ,投手,小川　泰弘,1990.05.16,172,82
東京ヤクルトスワローズ,投手,荘司　宏太,2000.05.22,172,90
東京ヤクルトスワローズ,投手,山崎　太陽,2003.07.06,193,87
東京ヤクルトスワローズ,投手,田口　麗斗,1995.09.14,171,79
東京ヤクルトスワローズ,投手,石原　勇輝,2001.08.30,180,87
東京ヤクルトスワローズ,投手,高梨　裕稔,1991.06.05,188,94
東京ヤクルトスワローズ,投手,拓也,1994.12.31,176,99
東京ヤクルトスワローズ,投手,増居　翔太,2000.05.25,173,74
東京ヤクルトスワローズ,投手,大西　広樹,1997.11.08,175,92
東京ヤクルトスワローズ,投手,小澤　怜史,1998.03.09,182,87
東京ヤクルトスワローズ,投手,大道　温貴,1999.01.20,180,91
東京ヤクルトスワローズ,投手,高橋　奎二,1997.05.14,180,83
東京ヤクルトスワローズ,投手,鈴木　蓮吾,2007.08.18,177,70
東京ヤクルトスワローズ,投手,長谷川　宙輝,1998.08.23,176,86
東京ヤクルトスワローズ,投手,坂本　拓己,2004.07.06,180,85
東京ヤクルトスワローズ,投手,ウォルターズ,1997.05.18,195,102
東京ヤクルトスワローズ,投手,飯田　琉斗,1999.06.24,187,100
東京ヤクルトスワローズ,投手,リランソ,1995.03.07,188,112
東京ヤクルトスワローズ,投手,阪口　皓亮,1999.08.15,188,90
東京ヤクルトスワローズ,投手,丸山　翔大,1998.08.22,194,90
東京ヤクルトスワローズ,投手,下川　隼佑,2000.03.22,176,88
東京ヤクルトスワローズ,投手,廣澤　優,2001.04.27,193,102
東京ヤクルトスワローズ,投手,沼田　翔平,2000.06.24,175,80
東京ヤクルトスワローズ,投手,青柳　晃洋,1993.12.11,183,83
東京ヤクルトスワローズ,捕手,古賀　優大,1998.08.07,177,83
東京ヤクルトスワローズ,捕手,中村　悠平,1990.06.17,176,79
東京ヤクルトスワローズ,捕手,松本　直樹,1993.10.17,177,82
東京ヤクルトスワローズ,捕手,柿沼　友哉,1993.05.12,180,86
東京ヤクルトスワローズ,捕手,橋本　星哉,2000.09.18,178,85
東京ヤクルトスワローズ,捕手,矢野　泰二郎,2002.05.22,178,82
東京ヤクルトスワローズ,捕手,鈴木　叶,2006.03.21,181,81
東京ヤクルトスワローズ,内野手,赤羽　由紘,2000.06.29,176,83
東京ヤクルトスワローズ,内野手,山田　哲人,1992.07.16,181,81
東京ヤクルトスワローズ,内野手,内山　壮真,2002.06.30,172,76
東京ヤクルトスワローズ,内野手,松下　歩叶,2003.04.14,181,87
東京ヤクルトスワローズ,内野手,長岡　秀樹,2001.09.26,175,82
東京ヤクルトスワローズ,内野手,茂木　栄五郎,1994.02.14,173,78
東京ヤクルトスワローズ,内野手,宮本　丈,1995.04.03,181,82
東京ヤクルトスワローズ,内野手,オスナ,1992.12.12,188,106
東京ヤクルトスワローズ,内野手,山野辺　翔,1994.05.24,170,74
東京ヤクルトスワローズ,内野手,石井　巧,2002.03.02,180,81
東京ヤクルトスワローズ,内野手,松川　玲央,2004.03.26,183,81
東京ヤクルトスワローズ,内野手,北村　恵吾,2000.12.18,182,90
東京ヤクルトスワローズ,内野手,田中　陽翔,2006.06.25,183,88
東京ヤクルトスワローズ,内野手,武岡　龍世,2001.05.28,179,77
東京ヤクルトスワローズ,内野手,伊藤　琉偉,2002.09.11,180,78
東京ヤクルトスワローズ,外野手,並木　秀尊,1999.03.23,170,72
東京ヤクルトスワローズ,外野手,丸山　和郁,1999.07.18,174,80
東京ヤクルトスワローズ,外野手,塩見　泰隆,1993.06.12,180,81
東京ヤクルトスワローズ,外野手,サンタナ,1992.08.05,195,104
東京ヤクルトスワローズ,外野手,モイセエフ　ニキータ,2006.11.29,182,87
東京ヤクルトスワローズ,外野手,西村　瑠伊斗,2004.07.01,178,80
東京ヤクルトスワローズ,外野手,澤井　廉,2000.05.31,180,94
東京ヤクルトスワローズ,外野手,増田　珠,1999.05.21,179,93
東京ヤクルトスワローズ,外野手,岩田　幸宏,1997.07.31,175,79
中日ドラゴンズ,監督,井上　一樹,1971.07.25,,
中日ドラゴンズ,投手,中西　聖輝,2003.12.18,182,92
中日ドラゴンズ,投手,橋本　侑樹,1998.01.08,180,80
中日ドラゴンズ,投手,草加　勝,2001.11.21,182,77
中日ドラゴンズ,投手,櫻井　頼之介,2003.07.21,175,68
中日ドラゴンズ,投手,柳　裕也,1994.04.22,180,85
中日ドラゴンズ,投手,髙橋　宏斗,2002.08.09,186,86
中日ドラゴンズ,投手,涌井　秀章,1986.06.21,185,85
中日ドラゴンズ,投手,金丸　夢斗,2003.02.01,177,78
中日ドラゴンズ,投手,大野　雄大,1988.09.26,184,85
中日ドラゴンズ,投手,仲地　礼亜,2001.02.15,177,83
中日ドラゴンズ,投手,アブレウ,1995.09.26,188,94
中日ドラゴンズ,投手,松木平　優太,2003.02.24,180,85
中日ドラゴンズ,投手,根尾　昂,2000.04.19,177,85
中日ドラゴンズ,投手,伊藤　茉央,2000.11.19,176,83
中日ドラゴンズ,投手,杉浦　稔大,1992.02.25,190,90
中日ドラゴンズ,投手,福　敬登,1992.06.16,181,98
中日ドラゴンズ,投手,福田　幸之介,2005.08.11,182,88
中日ドラゴンズ,投手,松葉　貴大,1990.08.14,179,82
中日ドラゴンズ,投手,勝野　昌慶,1997.06.12,183,95
中日ドラゴンズ,投手,梅野　雄吾,1999.01.13,177,90
中日ドラゴンズ,投手,吉田　聖弥,2002.05.23,177,81
中日ドラゴンズ,投手,清水　達也,1999.11.03,185,93
中日ドラゴンズ,投手,篠﨑　国忠,2005.06.12,193,105
中日ドラゴンズ,投手,藤嶋　健人,1998.05.08,177,90
中日ドラゴンズ,投手,齋藤　綱記,1996.12.18,182,92
中日ドラゴンズ,投手,高橋　幸佑,2006.12.31,178,87
中日ドラゴンズ,投手,有馬　惠叶,2006.09.20,191,82
中日ドラゴンズ,投手,牧野　憲伸,1999.09.19,181,91
中日ドラゴンズ,投手,三浦　瑞樹,1999.09.02,174,81
中日ドラゴンズ,投手,近藤　廉,1998.09.22,180,93
中日ドラゴンズ,投手,松山　晋也,2000.06.23,188,92
中日ドラゴンズ,投手,メヒア,1997.03.03,193,104
中日ドラゴンズ,投手,マラー,1997.10.07,201,118
中日ドラゴンズ,捕手,石伊　雄太,2000.08.18,178,84
中日ドラゴンズ,捕手,木下　拓哉,1991.12.18,183,95
中日ドラゴンズ,捕手,宇佐見　真吾,1993.06.04,181,95
中日ドラゴンズ,捕手,味谷　大誠,2003.06.14,180,88
中日ドラゴンズ,捕手,加藤　匠馬,1992.04.29,175,85
中日ドラゴンズ,捕手,石橋　康太,2000.12.07,181,92
中日ドラゴンズ,内野手,辻本　倫太郎,2001.08.11,168,75
中日ドラゴンズ,内野手,田中　幹也,2000.11.28,166,68
中日ドラゴンズ,内野手,高橋　周平,1994.01.18,180,90
中日ドラゴンズ,内野手,カリステ,1992.02.03,184,87
中日ドラゴンズ,内野手,村松　開人,2001.01.06,172,80
中日ドラゴンズ,内野手,福永　裕基,1996.09.16,180,87
中日ドラゴンズ,内野手,サノー,1993.05.11,196,126
中日ドラゴンズ,内野手,石川　昂弥,2001.06.22,186,100
中日ドラゴンズ,内野手,森　駿太,2006.12.25,188,93
中日ドラゴンズ,内野手,土田　龍空,2002.12.30,180,80
中日ドラゴンズ,内野手,阿部　寿樹,1989.12.03,185,92
中日ドラゴンズ,内野手,新保　茉良,2003.11.29,183,76
中日ドラゴンズ,内野手,山本　泰寛,1993.10.10,176,76
中日ドラゴンズ,内野手,板山　祐太郎,1994.03.27,180,88
中日ドラゴンズ,内野手,知野　直人,1999.02.16,182,85
中日ドラゴンズ,内野手,ロドリゲス,2002.03.31,189,90
中日ドラゴンズ,内野手,樋口　正修,1998.11.17,177,76
中日ドラゴンズ,外野手,尾田　剛樹,2000.08.03,175,77
中日ドラゴンズ,外野手,岡林　勇希,2002.02.22,175,75
中日ドラゴンズ,外野手,大島　洋平,1985.11.09,176,75
中日ドラゴンズ,外野手,ボスラー,1993.09.06,186,98
中日ドラゴンズ,外野手,ブライト　健太,1999.05.07,184,92
中日ドラゴンズ,外野手,川越　誠司,1993.06.30,174,80
中日ドラゴンズ,外野手,上林　誠知,1995.08.01,185,90
中日ドラゴンズ,外野手,細川　成也,1998.08.04,179,98
中日ドラゴンズ,外野手,花田　旭,2003.04.23,187,87
中日ドラゴンズ,外野手,鵜飼　航丞,1999.05.30,183,100
中日ドラゴンズ,外野手,能戸　輝夢,2007.05.15,184,82
オリックス・バファローズ,監督,岸田　護,1981.05.10,,
オリックス・バファローズ,投手,エスピノーザ,1998.03.09,183,86
オリックス・バファローズ,投手,山下　舜平大,2002.07.16,190,100
オリックス・バファローズ,投手,東　晃平,1999.12.14,178,90
オリックス・バファローズ,投手,寺西　成騎,2002.10.18,186,85
オリックス・バファローズ,投手,椋木　蓮,2000.01.22,179,86
オリックス・バファローズ,投手,平野　佳寿,1984.03.08,186,90
オリックス・バファローズ,投手,曽谷　龍平,2000.11.30,183,83
オリックス・バファローズ,投手,宮城　大弥,2001.08.25,171,85
オリックス・バファローズ,投手,山岡　泰輔,1995.09.22,172,68
オリックス・バファローズ,投手,阿部　翔太,1992.11.03,178,80
オリックス・バファローズ,投手,山﨑　颯一郎,1998.06.15,190,93
オリックス・バファローズ,投手,九里　亜蓮,1991.09.01,188,98
オリックス・バファローズ,投手,吉田　輝星,2001.01.12,175,83
オリックス・バファローズ,投手,齋藤　響介,2004.11.18,178,77
オリックス・バファローズ,投手,富山　凌雅,1997.05.03,178,88
オリックス・バファローズ,投手,田嶋　大樹,1996.08.03,182,82
オリックス・バファローズ,投手,藤川　敦也,2007.10.23,183,93
オリックス・バファローズ,投手,古田島　成龍,1999.06.29,175,85
オリックス・バファローズ,投手,森　陽樹,2007.08.01,190,90
オリックス・バファローズ,投手,岩嵜　翔,1989.10.21,189,98
オリックス・バファローズ,投手,佐藤　龍月,2007.07.13,173,75
オリックス・バファローズ,投手,マチャド,1993.04.22,185,105
オリックス・バファローズ,投手,髙谷　舟,2003.07.27,178,83
オリックス・バファローズ,投手,山口　廉王,2006.05.14,193,97
オリックス・バファローズ,投手,東松　快征,2005.04.29,179,86
オリックス・バファローズ,投手,片山　楽生,2002.10.07,177,81
オリックス・バファローズ,投手,横山　楓,1997.12.28,181,91
オリックス・バファローズ,投手,山田　修義,1991.09.19,185,95
オリックス・バファローズ,投手,ペルドモ,1993.05.09,188,84
オリックス・バファローズ,投手,宮國　凌空,2005.08.07,176,86
オリックス・バファローズ,投手,博志,1997.03.22,182,95
オリックス・バファローズ,投手,入山　海斗,2000.05.26,177,78
オリックス・バファローズ,投手,ジェリー,1997.05.07,213,113
オリックス・バファローズ,投手,佐藤　一磨,2001.04.16,190,97
オリックス・バファローズ,投手,川瀬　堅斗,2002.06.18,183,93
オリックス・バファローズ,投手,才木　海翔,2000.06.10,182,86
オリックス・バファローズ,投手,髙島　泰都,1999.12.03,181,88
オリックス・バファローズ,投手,権田　琉成,2000.01.28,180,90
オリックス・バファローズ,捕手,若月　健矢,1995.10.04,180,88
オリックス・バファローズ,捕手,森　友哉,1995.08.08,170,85
オリックス・バファローズ,捕手,福永　奨,1999.07.28,175,87
オリックス・バファローズ,捕手,石川　亮,1995.07.20,181,87
オリックス・バファローズ,捕手,頓宮　裕真,1996.11.17,182,103
オリックス・バファローズ,捕手,山中　稜真,2000.12.14,178,83
オリックス・バファローズ,捕手,野上　士耀,2007.05.23,170,80
オリックス・バファローズ,捕手,堀　柊那,2005.07.16,179,82
オリックス・バファローズ,内野手,太田　椋,2001.02.14,181,84
オリックス・バファローズ,内野手,西野　真弘,1990.08.02,167,71
オリックス・バファローズ,内野手,宗　佑磨,1996.06.07,181,83
オリックス・バファローズ,内野手,野口　智哉,1999.09.20,181,95
オリックス・バファローズ,内野手,大城　滉二,1993.06.14,175,80
オリックス・バファローズ,内野手,紅林　弘太郎,2002.02.07,188,95
オリックス・バファローズ,内野手,内藤　鵬,2004.10.05,180,103
オリックス・バファローズ,内野手,廣岡　大志,1997.04.09,185,92
オリックス・バファローズ,内野手,横山　聖哉,2005.10.28,181,86
オリックス・バファローズ,内野手,シーモア,1998.10.07,191,113
オリックス・バファローズ,内野手,宜保　翔,2000.11.26,175,75
オリックス・バファローズ,内野手,中川　圭太,1996.04.12,180,76
オリックス・バファローズ,外野手,渡部　遼人,1999.09.02,171,72
オリックス・バファローズ,外野手,西川　龍馬,1994.12.10,178,83
オリックス・バファローズ,外野手,麦谷　祐介,2002.07.27,180,81
オリックス・バファローズ,外野手,杉澤　龍,2000.06.02,175,80
オリックス・バファローズ,外野手,来田　涼斗,2002.10.16,182,88
オリックス・バファローズ,外野手,池田　陵真,2003.08.24,171,83
オリックス・バファローズ,外野手,窪田　洋祐,2007.07.31,185,87
オリックス・バファローズ,外野手,平沼　翔太,1997.08.16,179,83
オリックス・バファローズ,外野手,杉本　裕太郎,1991.04.05,190,104
千葉ロッテマリーンズ,監督,サブロー,1976.06.01,,
千葉ロッテマリーンズ,投手,カスティーヨ,1996.01.10,198,114
千葉ロッテマリーンズ,投手,毛利　海大,2003.09.14,177,77
千葉ロッテマリーンズ,投手,小島　和哉,1996.07.07,178,85
千葉ロッテマリーンズ,投手,横山　陸人,2001.08.05,180,90
千葉ロッテマリーンズ,投手,種市　篤暉,1998.09.07,183,88
千葉ロッテマリーンズ,投手,石垣　元気,2007.08.16,180,78
千葉ロッテマリーンズ,投手,唐川　侑己,1989.07.05,181,90
千葉ロッテマリーンズ,投手,石川　柊太,1991.12.27,185,88
千葉ロッテマリーンズ,投手,東妻　勇輔,1996.04.04,172,80
千葉ロッテマリーンズ,投手,菊地　吏玖,2000.06.13,183,93
千葉ロッテマリーンズ,投手,西野　勇士,1991.03.06,183,90
千葉ロッテマリーンズ,投手,廣畑　敦也,1997.12.03,175,83
千葉ロッテマリーンズ,投手,大谷　輝龍,2000.07.11,180,81
千葉ロッテマリーンズ,投手,八木　彬,1997.05.26,180,94
千葉ロッテマリーンズ,投手,高野　脩汰,1998.08.13,184,88
千葉ロッテマリーンズ,投手,田中　晴也,2004.06.06,186,92
千葉ロッテマリーンズ,投手,坂本　光士郎,1994.09.09,179,80
千葉ロッテマリーンズ,投手,小野　郁,1996.10.23,175,78
千葉ロッテマリーンズ,投手,奥村　頼人,2007.09.08,179,83
千葉ロッテマリーンズ,投手,一條　力真,2003.02.10,190,90
千葉ロッテマリーンズ,投手,ジャクソン,1996.05.01,190,95
千葉ロッテマリーンズ,投手,冨士　隼斗,2002.03.10,180,86
千葉ロッテマリーンズ,投手,鈴木　昭汰,1998.09.07,175,80
千葉ロッテマリーンズ,投手,益田　直也,1989.10.25,179,80
千葉ロッテマリーンズ,投手,木村　優人,2005.06.01,184,92
千葉ロッテマリーンズ,投手,澤田　圭佑,1994.04.27,178,96
千葉ロッテマリーンズ,投手,中森　俊介,2002.05.29,183,90
千葉ロッテマリーンズ,投手,河村　説人,1997.06.18,192,87
千葉ロッテマリーンズ,投手,早坂　響,2005.07.26,176,70
千葉ロッテマリーンズ,投手,大聖,2002.01.29,178,98
千葉ロッテマリーンズ,投手,坂井　遼,2006.05.08,178,78
千葉ロッテマリーンズ,投手,廣池　康志郎,2002.09.16,185,85
千葉ロッテマリーンズ,投手,宮﨑　颯,2000.06.14,180,93
千葉ロッテマリーンズ,投手,ロング,1995.07.08,185,83
千葉ロッテマリーンズ,投手,吉川　悠斗,2005.03.14,185,92
千葉ロッテマリーンズ,捕手,松川　虎生,2003.10.20,178,98
千葉ロッテマリーンズ,捕手,田村　龍弘,1994.05.13,172,81
千葉ロッテマリーンズ,捕手,佐藤　都志也,1998.01.27,181,91
千葉ロッテマリーンズ,捕手,植田　将太,1997.12.18,180,86
千葉ロッテマリーンズ,捕手,寺地　隆成,2005.08.19,177,82
千葉ロッテマリーンズ,捕手,岡村　了樹,2007.05.03,172,77
千葉ロッテマリーンズ,内野手,池田　来翔,1999.12.11,180,95
千葉ロッテマリーンズ,内野手,友杉　篤輝,2000.11.07,171,70
千葉ロッテマリーンズ,内野手,安田　尚憲,1999.04.15,188,100
千葉ロッテマリーンズ,内野手,藤岡　裕大,1993.08.08,178,86
千葉ロッテマリーンズ,内野手,中村　奨吾,1992.05.28,180,86
千葉ロッテマリーンズ,内野手,上田　希由翔,2001.08.12,183,96
千葉ロッテマリーンズ,内野手,石垣　勝海,1998.09.21,181,88
千葉ロッテマリーンズ,内野手,宮崎　竜成,2000.12.09,173,90
千葉ロッテマリーンズ,内野手,立松　由宇,1999.02.05,177,82
千葉ロッテマリーンズ,内野手,櫻井　ユウヤ,2007.06.30,180,90
千葉ロッテマリーンズ,内野手,小川　龍成,1998.04.05,171,74
千葉ロッテマリーンズ,内野手,茶谷　健太,1998.01.16,186,88
千葉ロッテマリーンズ,内野手,ソト,1989.02.28,185,97
千葉ロッテマリーンズ,外野手,髙部　瑛斗,1997.12.11,178,72
千葉ロッテマリーンズ,外野手,藤原　恭大,2000.05.06,181,80
千葉ロッテマリーンズ,外野手,角中　勝也,1987.05.25,180,85
千葉ロッテマリーンズ,外野手,西川　史礁,2003.03.25,182,88
千葉ロッテマリーンズ,外野手,ポランコ,1991.09.14,196,108
千葉ロッテマリーンズ,外野手,石川　慎吾,1993.04.27,178,80
千葉ロッテマリーンズ,外野手,岡　大海,1991.07.15,185,80
千葉ロッテマリーンズ,外野手,井上　広大,2001.08.12,189,100
千葉ロッテマリーンズ,外野手,愛斗,1997.04.06,177,92
千葉ロッテマリーンズ,外野手,山口　航輝,2000.08.18,183,100
千葉ロッテマリーンズ,外野手,山本　大斗,2002.08.09,180,88
千葉ロッテマリーンズ,外野手,和田　康士朗,1999.01.14,185,77
福岡ソフトバンクホークス,監督,小久保　裕紀,1971.10.08,,
福岡ソフトバンクホークス,投手,スチュワート・ジュニア,1999.11.02,198,101
福岡ソフトバンクホークス,投手,上沢　直之,1994.02.06,188,89
福岡ソフトバンクホークス,投手,津森　宥紀,1998.01.21,176,86
福岡ソフトバンクホークス,投手,稲川　竜汰,2004.02.25,184,90
福岡ソフトバンクホークス,投手,東浜　巨,1990.06.20,182,81
福岡ソフトバンクホークス,投手,徐　若熙,2000.11.01,180,76
福岡ソフトバンクホークス,投手,大津　亮介,1999.01.13,175,67
福岡ソフトバンクホークス,投手,村上　泰斗,2007.02.20,179,76
福岡ソフトバンクホークス,投手,藤原　大翔,2005.12.26,177,73
福岡ソフトバンクホークス,投手,鈴木　豪太,2003.08.31,175,86
福岡ソフトバンクホークス,投手,岩井　俊介,2001.07.30,181,93
福岡ソフトバンクホークス,投手,安德　駿,2002.05.18,177,83
福岡ソフトバンクホークス,投手,大江　竜聖,1999.01.15,173,79
福岡ソフトバンクホークス,投手,中村　稔弥,1996.07.08,178,84
福岡ソフトバンクホークス,投手,モイネロ,1995.12.08,178,69
福岡ソフトバンクホークス,投手,尾形　崇斗,1999.05.15,182,90
福岡ソフトバンクホークス,投手,杉山　一樹,1997.12.07,192,106
福岡ソフトバンクホークス,投手,前田　悠伍,2005.08.04,180,86
福岡ソフトバンクホークス,投手,伊藤　優輔,1997.01.14,179,78
福岡ソフトバンクホークス,投手,大関　友久,1997.12.14,185,84
福岡ソフトバンクホークス,投手,藤井　皓哉,1996.07.29,183,87
福岡ソフトバンクホークス,投手,松本　晴,2001.02.24,181,90
福岡ソフトバンクホークス,投手,相良　雅斗,2003.09.24,182,73
福岡ソフトバンクホークス,投手,前田　純,2000.06.04,189,96
福岡ソフトバンクホークス,投手,大山　凌,2002.03.27,179,82
福岡ソフトバンクホークス,投手,オスナ,1995.02.07,188,104
福岡ソフトバンクホークス,投手,木村　大成,2003.09.12,180,83
福岡ソフトバンクホークス,投手,大竹　風雅,1999.08.22,186,90
福岡ソフトバンクホークス,投手,大野　稼頭央,2004.08.06,176,68
福岡ソフトバンクホークス,投手,ヘルナンデス,1996.12.17,188,115
福岡ソフトバンクホークス,投手,上茶谷　大河,1996.08.31,181,89
福岡ソフトバンクホークス,投手,松本　裕樹,1996.04.14,182,84
福岡ソフトバンクホークス,投手,木村　光,2000.07.02,173,77
福岡ソフトバンクホークス,投手,岩崎　峻典,2003.03.11,177,85
福岡ソフトバンクホークス,捕手,渡邉　陸,2000.09.24,187,88
福岡ソフトバンクホークス,捕手,嶺井　博希,1991.06.04,176,87
福岡ソフトバンクホークス,捕手,山本　祐大,1998.09.11,180,87
福岡ソフトバンクホークス,捕手,谷川原　健太,1997.04.16,174,89
福岡ソフトバンクホークス,捕手,石塚　綜一郎,2001.06.07,182,92
福岡ソフトバンクホークス,捕手,海野　隆司,1997.07.15,174,84
福岡ソフトバンクホークス,捕手,藤田　悠太郎,2005.06.03,170,78
福岡ソフトバンクホークス,内野手,川瀬　晃,1997.09.15,176,73
福岡ソフトバンクホークス,内野手,ダウンズ,1998.07.27,178,89
福岡ソフトバンクホークス,内野手,山川　穂高,1991.11.23,176,112
福岡ソフトバンクホークス,内野手,今宮　健太,1991.07.15,172,76
福岡ソフトバンクホークス,内野手,中村　晃,1989.11.05,175,81
福岡ソフトバンクホークス,内野手,牧原　大成,1992.10.15,172,74
福岡ソフトバンクホークス,内野手,栗原　陵矢,1996.07.04,178,84
福岡ソフトバンクホークス,内野手,庄子　雄大,2002.10.02,176,74
福岡ソフトバンクホークス,内野手,廣瀨　隆太,2001.04.07,181,88
福岡ソフトバンクホークス,内野手,イヒネ　イツア,2004.09.02,186,83
福岡ソフトバンクホークス,内野手,井上　朋也,2003.01.28,182,91
福岡ソフトバンクホークス,内野手,宇野　真仁朗,2006.07.05,178,85
福岡ソフトバンクホークス,内野手,秋広　優人,2002.09.17,201,107
福岡ソフトバンクホークス,内野手,髙橋　隆慶,2001.12.21,186,93
福岡ソフトバンクホークス,内野手,石見　颯真,2006.06.10,176,75
福岡ソフトバンクホークス,内野手,野村　勇,1996.12.01,174,84
福岡ソフトバンクホークス,外野手,近藤　健介,1993.08.09,171,87
福岡ソフトバンクホークス,外野手,柳田　悠岐,1988.10.09,187,91
福岡ソフトバンクホークス,外野手,周東　佑京,1996.02.10,180,74
福岡ソフトバンクホークス,外野手,正木　智也,1999.11.05,182,89
福岡ソフトバンクホークス,外野手,柳町　達,1997.04.20,180,78
福岡ソフトバンクホークス,外野手,笹川　吉康,2002.05.31,194,96
福岡ソフトバンクホークス,外野手,緒方　理貢,1998.09.22,175,71
福岡ソフトバンクホークス,外野手,川村　友斗,1999.08.13,182,90
福岡ソフトバンクホークス,外野手,山本　恵大,1999.08.06,182,89
東北楽天ゴールデンイーグルス,監督,三木　肇,1977.04.25,,
東北楽天ゴールデンイーグルス,投手,岸　孝之,1984.12.04,180,77
東北楽天ゴールデンイーグルス,投手,藤原　聡大,2003.11.20,178,73
東北楽天ゴールデンイーグルス,投手,コントレラス,1999.11.07,185,92
東北楽天ゴールデンイーグルス,投手,古謝　樹,2001.08.18,182,75
東北楽天ゴールデンイーグルス,投手,前田　健太,1988.04.11,185,83
東北楽天ゴールデンイーグルス,投手,荘司　康誠,2000.10.13,189,86
東北楽天ゴールデンイーグルス,投手,伊藤　樹,2003.08.24,177,85
東北楽天ゴールデンイーグルス,投手,早川　隆久,1998.07.06,180,76
東北楽天ゴールデンイーグルス,投手,ウレーニャ,1991.09.12,188,94
東北楽天ゴールデンイーグルス,投手,中込　陽翔,2002.01.23,175,85
東北楽天ゴールデンイーグルス,投手,酒居　知史,1993.01.02,178,80
東北楽天ゴールデンイーグルス,投手,田中　千晴,2000.09.21,189,85
東北楽天ゴールデンイーグルス,投手,渡辺　翔太,2000.10.29,182,90
東北楽天ゴールデンイーグルス,投手,江原　雅裕,2000.08.03,186,93
東北楽天ゴールデンイーグルス,投手,加治屋　蓮,1991.11.25,185,90
東北楽天ゴールデンイーグルス,投手,宋　家豪,1992.09.06,185,92
東北楽天ゴールデンイーグルス,投手,九谷　瑠,1999.11.05,177,80
東北楽天ゴールデンイーグルス,投手,藤平　尚真,1998.09.21,185,85
東北楽天ゴールデンイーグルス,投手,藤井　聖,1996.10.03,176,80
東北楽天ゴールデンイーグルス,投手,西垣　雅矢,1999.06.21,184,88
東北楽天ゴールデンイーグルス,投手,津留﨑　大成,1997.10.10,177,86
東北楽天ゴールデンイーグルス,投手,坂井　陽翔,2005.04.05,186,88
東北楽天ゴールデンイーグルス,投手,日當　直喜,2005.07.06,190,105
東北楽天ゴールデンイーグルス,投手,鈴木　翔天,1996.08.19,185,82
東北楽天ゴールデンイーグルス,投手,瀧中　瞭太,1994.12.20,180,93
東北楽天ゴールデンイーグルス,投手,辛島　航,1990.10.18,173,72
東北楽天ゴールデンイーグルス,投手,泰　勝利,2003.11.11,172,82
東北楽天ゴールデンイーグルス,投手,古賀　康誠,2004.09.03,181,81
東北楽天ゴールデンイーグルス,投手,西口　直人,1996.11.14,183,83
東北楽天ゴールデンイーグルス,投手,林　優樹,2001.10.29,173,73
東北楽天ゴールデンイーグルス,投手,今野　龍太,1995.05.11,178,86
東北楽天ゴールデンイーグルス,投手,大内　誠弥,2006.03.09,191,77
東北楽天ゴールデンイーグルス,投手,内　星龍,2002.04.24,190,88
東北楽天ゴールデンイーグルス,投手,柴田　大地,1997.11.07,180,94
東北楽天ゴールデンイーグルス,投手,伊藤　大晟,2007.10.27,174,76
東北楽天ゴールデンイーグルス,捕手,太田　光,1996.10.14,178,76
東北楽天ゴールデンイーグルス,捕手,伊藤　光,1989.04.23,180,88
東北楽天ゴールデンイーグルス,捕手,田中　貴也,1992.08.27,178,85
東北楽天ゴールデンイーグルス,捕手,YG安田,2000.03.03,185,105
東北楽天ゴールデンイーグルス,捕手,堀内　謙伍,1997.04.15,174,82
東北楽天ゴールデンイーグルス,捕手,石原　彪,1999.03.08,172,96
東北楽天ゴールデンイーグルス,捕手,大栄　利哉,2007.04.23,178,85
東北楽天ゴールデンイーグルス,内野手,小深田　大翔,1995.09.28,168,69
東北楽天ゴールデンイーグルス,内野手,宗山　塁,2003.02.27,175,79
東北楽天ゴールデンイーグルス,内野手,浅村　栄斗,1990.11.12,182,90
東北楽天ゴールデンイーグルス,内野手,村林　一輝,1997.10.06,180,73
東北楽天ゴールデンイーグルス,内野手,鈴木　大地,1989.08.18,175,79
東北楽天ゴールデンイーグルス,内野手,ボイト,1991.02.13,188,117
東北楽天ゴールデンイーグルス,内野手,黒川　史陽,2001.04.17,182,86
東北楽天ゴールデンイーグルス,内野手,繁永　晟,2003.04.25,174,88
東北楽天ゴールデンイーグルス,内野手,渡邊　佳明,1997.01.08,180,79
東北楽天ゴールデンイーグルス,内野手,伊藤　裕季也,1996.08.30,181,95
東北楽天ゴールデンイーグルス,内野手,平良　竜哉,1998.07.09,170,78
東北楽天ゴールデンイーグルス,内野手,ワォーターズ,2005.10.14,178,76
東北楽天ゴールデンイーグルス,内野手,入江　大樹,2002.06.06,185,83
東北楽天ゴールデンイーグルス,内野手,青野　拓海,2005.07.26,180,85
東北楽天ゴールデンイーグルス,内野手,小森　航大郎,2003.04.30,173,83
東北楽天ゴールデンイーグルス,内野手,陽　柏翔,2005.01.23,174,75
東北楽天ゴールデンイーグルス,外野手,辰己　涼介,1996.12.27,180,74
東北楽天ゴールデンイーグルス,外野手,ゴンザレス,1998.01.10,196,108
東北楽天ゴールデンイーグルス,外野手,田中　和基,1994.08.08,181,75
東北楽天ゴールデンイーグルス,外野手,中島　大輔,2001.06.04,180,78
東北楽天ゴールデンイーグルス,外野手,マッカスカー,1998.05.22,203,113
東北楽天ゴールデンイーグルス,外野手,吉納　翼,2002.08.16,180,89
東北楽天ゴールデンイーグルス,外野手,佐藤　直樹,1998.09.03,178,85
東北楽天ゴールデンイーグルス,外野手,阪上　翔也,2003.11.01,180,90
東北楽天ゴールデンイーグルス,外野手,武藤　敦貴,2001.06.15,178,73
東北楽天ゴールデンイーグルス,外野手,小郷　裕哉,1996.08.03,178,85
東北楽天ゴールデンイーグルス,外野手,吉野　創士,2003.10.27,186,78
埼玉西武ライオンズ,監督,西口　文也,1972.09.26,,
埼玉西武ライオンズ,投手,上田　大河,2001.11.15,183,88
埼玉西武ライオンズ,投手,渡邉　勇太朗,2000.09.21,191,103
埼玉西武ライオンズ,投手,髙橋　光成,1997.02.03,190,105
埼玉西武ライオンズ,投手,與座　海人,1995.09.15,173,80
埼玉西武ライオンズ,投手,隅田　知一郎,1999.08.20,177,84
埼玉西武ライオンズ,投手,松本　航,1996.11.28,176,88
埼玉西武ライオンズ,投手,佐藤　隼輔,2000.01.03,182,86
埼玉西武ライオンズ,投手,岩城　颯空,2003.09.17,181,95
埼玉西武ライオンズ,投手,武内　夏暉,2001.07.21,186,96
埼玉西武ライオンズ,投手,糸川　亮太,1998.04.30,172,80
埼玉西武ライオンズ,投手,青山　美夏人,2000.07.19,184,94
埼玉西武ライオンズ,投手,ワイナンス,1995.08.10,188,81
埼玉西武ライオンズ,投手,甲斐野　央,1996.11.16,188,98
埼玉西武ライオンズ,投手,山田　陽翔,2004.05.09,176,85
埼玉西武ライオンズ,投手,堀越　啓太,2003.07.15,185,96
埼玉西武ライオンズ,投手,成田　晴風,2006.02.27,184,91
埼玉西武ライオンズ,投手,ボー・タカハシ,1997.01.23,185,95
埼玉西武ライオンズ,投手,羽田　慎之介,2003.12.25,191,94
埼玉西武ライオンズ,投手,ウィンゲンター,1994.04.15,201,107
埼玉西武ライオンズ,投手,狩生　聖真,2006.12.25,184,79
埼玉西武ライオンズ,投手,杉山　遙希,2005.09.23,181,83
埼玉西武ライオンズ,投手,篠原　響,2006.09.20,178,81
埼玉西武ライオンズ,投手,黒木　優太,1994.08.16,180,87
埼玉西武ライオンズ,投手,Ｅ．ラミレス,1994.07.15,188,86
埼玉西武ライオンズ,投手,黒田　将矢,2004.01.24,188,88
埼玉西武ライオンズ,投手,中村　祐太,1995.08.31,183,90
埼玉西武ライオンズ,投手,平良　海馬,1999.11.15,173,99
埼玉西武ライオンズ,投手,冨士　大和,2006.08.26,186,80
埼玉西武ライオンズ,投手,豆田　泰志,2003.01.15,173,88
埼玉西武ライオンズ,投手,菅井　信也,2003.06.28,183,84
埼玉西武ライオンズ,投手,佐藤　爽,2003.02.09,178,82
埼玉西武ライオンズ,投手,浜屋　将太,1999.01.26,176,79
埼玉西武ライオンズ,捕手,小島　大河,2003.10.27,178,83
埼玉西武ライオンズ,捕手,古賀　悠斗,1999.09.10,174,88
埼玉西武ライオンズ,捕手,炭谷　銀仁朗,1987.07.19,181,98
埼玉西武ライオンズ,捕手,柘植　世那,1997.06.03,174,90
埼玉西武ライオンズ,捕手,牧野　翔矢,2001.03.04,178,80
埼玉西武ライオンズ,捕手,龍山　暖,2006.05.13,176,80
埼玉西武ライオンズ,内野手,仲田　慶介,1999.07.25,175,80
埼玉西武ライオンズ,内野手,児玉　亮涼,1998.07.10,166,68
埼玉西武ライオンズ,内野手,齋藤　大翔,2007.01.27,181,76
埼玉西武ライオンズ,内野手,石井　一成,1994.05.06,182,86
埼玉西武ライオンズ,内野手,外崎　修汰,1992.12.20,177,84
埼玉西武ライオンズ,内野手,源田　壮亮,1993.02.16,179,77
埼玉西武ライオンズ,内野手,ネビン,1997.05.29,193,102
埼玉西武ライオンズ,内野手,山村　崇嘉,2002.09.28,183,89
埼玉西武ライオンズ,内野手,佐藤　太陽,2002.05.19,177,82
埼玉西武ライオンズ,内野手,平沢　大河,1997.12.24,176,83
埼玉西武ライオンズ,内野手,髙松　渡,1999.07.02,177,75
埼玉西武ライオンズ,内野手,横田　蒼和,2007.10.24,180,87
埼玉西武ライオンズ,内野手,中村　剛也,1983.08.15,175,105
埼玉西武ライオンズ,内野手,滝澤　夏央,2003.08.13,164,65
埼玉西武ライオンズ,内野手,村田　怜音,2001.08.04,197,115
埼玉西武ライオンズ,外野手,栗山　巧,1983.09.03,177,85
埼玉西武ライオンズ,外野手,桑原　将志,1993.07.21,174,80
埼玉西武ライオンズ,外野手,渡部　聖弥,2002.08.31,177,90
埼玉西武ライオンズ,外野手,蛭間　拓哉,2000.09.08,177,87
埼玉西武ライオンズ,外野手,カナリオ,2000.05.07,185,97
埼玉西武ライオンズ,外野手,茶野　篤政,1999.08.04,175,80
埼玉西武ライオンズ,外野手,古川　雄大,2004.05.25,185,90
埼玉西武ライオンズ,外野手,秋山　俊,2003.04.20,180,88
埼玉西武ライオンズ,外野手,林　冠臣,2002.12.30,196,108
埼玉西武ライオンズ,外野手,西川　愛也,1999.06.10,181,90
埼玉西武ライオンズ,外野手,仲三　優太,2002.10.22,180,100
埼玉西武ライオンズ,外野手,長谷川　信哉,2002.05.17,183,90
埼玉西武ライオンズ,外野手,川田　悠慎,2002.02.20,174,70
埼玉西武ライオンズ,外野手,岸　潤一郎,1996.12.08,174,85
埼玉西武ライオンズ,外野手,林　安可,1997.05.19,184,90
北海道日本ハムファイターズ,監督,新庄　剛志,1972.01.28,,
北海道日本ハムファイターズ,投手,矢澤　宏太,2000.08.02,173,72
北海道日本ハムファイターズ,投手,生田目　翼,1995.02.19,176,95
北海道日本ハムファイターズ,投手,加藤　貴之,1992.06.03,182,93
北海道日本ハムファイターズ,投手,北山　亘基,1999.04.10,182,87
北海道日本ハムファイターズ,投手,達　孝太,2004.03.27,194,101
北海道日本ハムファイターズ,投手,伊藤　大海,1997.08.31,176,85
北海道日本ハムファイターズ,投手,山﨑　福也,1992.09.09,188,99
北海道日本ハムファイターズ,投手,玉井　大翔,1992.06.16,178,80
北海道日本ハムファイターズ,投手,上原　健太,1994.03.29,191,100
北海道日本ハムファイターズ,投手,杉浦　稔大,1992.02.25,190,90
北海道日本ハムファイターズ,投手,金村　尚真,2000.08.29,176,89
北海道日本ハムファイターズ,投手,宮西　尚生,1985.06.02,180,81
北海道日本ハムファイターズ,投手,田中　正義,1994.07.19,188,96
北海道日本ハムファイターズ,投手,大川　慈英,2003.10.28,178,70
北海道日本ハムファイターズ,投手,河野　竜生,1998.05.30,175,92
北海道日本ハムファイターズ,投手,細野　晴希,2002.02.26,180,88
北海道日本ハムファイターズ,投手,ラオ,1999.08.14,188,82
北海道日本ハムファイターズ,投手,柴田　獅子,2006.04.18,187,95
北海道日本ハムファイターズ,投手,藤田　琉生,2006.11.17,198,107
北海道日本ハムファイターズ,投手,堀　瑞輝,1998.05.10,177,91
北海道日本ハムファイターズ,投手,浅利　太門,2002.09.06,186,92
北海道日本ハムファイターズ,投手,古林　睿煬,2000.06.12,184,100
北海道日本ハムファイターズ,投手,島本　浩也,1993.02.14,176,73
北海道日本ハムファイターズ,投手,福谷　浩司,1991.01.09,183,98
北海道日本ハムファイターズ,投手,福島　蓮,2003.04.25,190,81
北海道日本ハムファイターズ,投手,畔柳　亨丞,2003.05.03,178,92
北海道日本ハムファイターズ,投手,柳川　大晟,2003.08.21,191,96
北海道日本ハムファイターズ,投手,齋藤　友貴哉,1995.01.05,184,92
北海道日本ハムファイターズ,投手,池田　隆英,1994.10.01,181,93
北海道日本ハムファイターズ,投手,菊地　大稀,1999.06.02,186,97
北海道日本ハムファイターズ,投手,清水　大暉,2006.07.17,195,105
北海道日本ハムファイターズ,投手,山城　航太郎,2002.09.03,183,91
北海道日本ハムファイターズ,投手,山本　拓実,2000.01.31,167,84
北海道日本ハムファイターズ,投手,有原　航平,1992.08.11,190,100
北海道日本ハムファイターズ,投手,孫　易磊,2005.02.10,183,96
北海道日本ハムファイターズ,捕手,マルティネス,1996.05.28,190,112
北海道日本ハムファイターズ,捕手,郡司　裕也,1997.12.27,180,90
北海道日本ハムファイターズ,捕手,清水　優心,1996.05.22,185,91
北海道日本ハムファイターズ,捕手,進藤　勇也,2002.03.10,182,95
北海道日本ハムファイターズ,捕手,リン,1997.06.26,185,94
北海道日本ハムファイターズ,捕手,藤森　海斗,2007.06.27,182,73
北海道日本ハムファイターズ,捕手,吉田　賢吾,2001.01.18,181,94
北海道日本ハムファイターズ,捕手,田宮　裕涼,2000.06.13,175,84
北海道日本ハムファイターズ,捕手,梅林　優貴,1998.03.14,171,85
北海道日本ハムファイターズ,内野手,上川畑　大悟,1997.01.12,167,73
北海道日本ハムファイターズ,内野手,野村　佑希,2000.06.26,187,95
北海道日本ハムファイターズ,内野手,カストロ,1999.03.21,183,92
北海道日本ハムファイターズ,内野手,中島　卓也,1991.01.11,178,77
北海道日本ハムファイターズ,内野手,清宮　幸太郎,1999.05.25,184,95
北海道日本ハムファイターズ,内野手,有薗　直輝,2003.05.21,185,104
北海道日本ハムファイターズ,内野手,水野　達稀,2000.07.30,171,80
北海道日本ハムファイターズ,内野手,阪口　樂,2003.06.24,187,99
北海道日本ハムファイターズ,内野手,大塚　瑠晏,2003.10.26,169,69
北海道日本ハムファイターズ,内野手,半田　南十,2007.05.10,176,73
北海道日本ハムファイターズ,内野手,山縣　秀,2002.05.01,176,82
北海道日本ハムファイターズ,内野手,細川　凌平,2002.04.25,174,81
北海道日本ハムファイターズ,内野手,奈良間　大己,2000.05.08,172,75
北海道日本ハムファイターズ,内野手,明瀬　諒介,2005.08.25,184,96
北海道日本ハムファイターズ,外野手,西川　遥輝,1992.04.16,181,82
北海道日本ハムファイターズ,外野手,淺間　大基,1996.06.21,183,84
北海道日本ハムファイターズ,外野手,宮崎　一樹,2001.08.30,184,91
北海道日本ハムファイターズ,外野手,エドポロ　ケイン,2003.07.02,190,102
北海道日本ハムファイターズ,外野手,五十幡　亮汰,1998.11.27,171,67
北海道日本ハムファイターズ,外野手,水谷　瞬,2001.03.09,193,100
北海道日本ハムファイターズ,外野手,今川　優馬,1997.01.25,177,93
北海道日本ハムファイターズ,外野手,万波　中正,2000.04.07,192,102
北海道日本ハムファイターズ,外野手,レイエス,1995.07.07,196,139
