表章項目,世帯区分,地域区分,時間軸（月次）,/品目分類（2025年改定）,185 えび【円】,186 かに【円】,1.4.1 牛乳【円】,305 梨【円】,356 アイスクリーム・シャーベット【円】
金額,二人以上の世帯（2000年～）,全国,2007年9月,,267,64,"1,552",933,784
金額,二人以上の世帯（2000年～）,全国,2007年10月,,262,86,"1,433",358,469
金額,二人以上の世帯（2000年～）,全国,2007年11月,,244,245,"1,363",129,324
金額,二人以上の世帯（2000年～）,全国,2007年12月,,588,"1,009","1,441",82,405
金額,二人以上の世帯（2000年～）,全国,2008年1月,,234,223,"1,247",9,346
金額,二人以上の世帯（2000年～）,全国,2008年2月,,242,122,"1,273",3,288
金額,二人以上の世帯（2000年～）,全国,2008年3月,,294,72,"1,369",1,404
金額,二人以上の世帯（2000年～）,全国,2008年4月,,263,65,"1,357",0,501
金額,二人以上の世帯（2000年～）,全国,2008年5月,,301,66,"1,443",0,689
金額,二人以上の世帯（2000年～）,全国,2008年6月,,272,43,"1,418",0,727
金額,二人以上の世帯（2000年～）,全国,2008年7月,,254,67,"1,493",35,"1,182"
金額,二人以上の世帯（2000年～）,全国,2008年8月,,306,80,"1,494",589,"1,190"
金額,二人以上の世帯（2000年～）,全国,2008年9月,,280,71,"1,444",783,691
金額,二人以上の世帯（2000年～）,全国,2008年10月,,276,106,"1,372",423,477
金額,二人以上の世帯（2000年～）,全国,2008年11月,,267,195,"1,284",133,355
金額,二人以上の世帯（2000年～）,全国,2008年12月,,639,919,"1,397",85,414
金額,二人以上の世帯（2000年～）,全国,2009年1月,,254,233,"1,192",9,351
金額,二人以上の世帯（2000年～）,全国,2009年2月,,245,103,"1,197",2,303
金額,二人以上の世帯（2000年～）,全国,2009年3月,,294,89,"1,322",1,386
金額,二人以上の世帯（2000年～）,全国,2009年4月,,281,60,"1,353",1,569
金額,二人以上の世帯（2000年～）,全国,2009年5月,,296,60,"1,403",1,768
金額,二人以上の世帯（2000年～）,全国,2009年6月,,280,49,"1,416",3,819
金額,二人以上の世帯（2000年～）,全国,2009年7月,,282,59,"1,489",44,"1,072"
金額,二人以上の世帯（2000年～）,全国,2009年8月,,299,75,"1,511",662,"1,215"
金額,二人以上の世帯（2000年～）,全国,2009年9月,,269,65,"1,448",823,723
金額,二人以上の世帯（2000年～）,全国,2009年10月,,286,91,"1,462",331,495
金額,二人以上の世帯（2000年～）,全国,2009年11月,,254,237,"1,373",154,402
金額,二人以上の世帯（2000年～）,全国,2009年12月,,573,"1,036","1,403",67,440
金額,二人以上の世帯（2000年～）,全国,2010年1月,,255,262,"1,254",13,362
金額,二人以上の世帯（2000年～）,全国,2010年2月,,230,93,"1,207",6,305
金額,二人以上の世帯（2000年～）,全国,2010年3月,,276,78,"1,301",1,383
金額,二人以上の世帯（2000年～）,全国,2010年4月,,255,59,"1,299",0,464
金額,二人以上の世帯（2000年～）,全国,2010年5月,,270,69,"1,372",0,752
金額,二人以上の世帯（2000年～）,全国,2010年6月,,232,51,"1,411",0,841
金額,二人以上の世帯（2000年～）,全国,2010年7月,,228,46,"1,465",28,"1,211"
金額,二人以上の世帯（2000年～）,全国,2010年8月,,286,85,"1,538",467,"1,451"
金額,二人以上の世帯（2000年～）,全国,2010年9月,,257,41,"1,446",792,864
金額,二人以上の世帯（2000年～）,全国,2010年10月,,242,73,"1,392",396,504
金額,二人以上の世帯（2000年～）,全国,2010年11月,,229,155,"1,288",142,351
金額,二人以上の世帯（2000年～）,全国,2010年12月,,579,974,"1,329",124,423
金額,二人以上の世帯（2000年～）,全国,2011年1月,,218,185,"1,161",6,346
金額,二人以上の世帯（2000年～）,全国,2011年2月,,214,70,"1,122",2,289
金額,二人以上の世帯（2000年～）,全国,2011年3月,,248,57,"1,246",1,329
金額,二人以上の世帯（2000年～）,全国,2011年4月,,247,36,"1,248",0,462
金額,二人以上の世帯（2000年～）,全国,2011年5月,,265,32,"1,308",0,672
金額,二人以上の世帯（2000年～）,全国,2011年6月,,251,39,"1,289",3,791
金額,二人以上の世帯（2000年～）,全国,2011年7月,,242,41,"1,421",24,"1,265"
金額,二人以上の世帯（2000年～）,全国,2011年8月,,294,57,"1,421",459,"1,241"
金額,二人以上の世帯（2000年～）,全国,2011年9月,,250,38,"1,353",850,767
金額,二人以上の世帯（2000年～）,全国,2011年10月,,265,96,"1,350",382,516
金額,二人以上の世帯（2000年～）,全国,2011年11月,,252,205,"1,257",157,393
金額,二人以上の世帯（2000年～）,全国,2011年12月,,560,969,"1,272",96,423
金額,二人以上の世帯（2000年～）,全国,2012年1月,,236,220,"1,171",11,339
金額,二人以上の世帯（2000年～）,全国,2012年2月,,234,101,"1,164",1,274
金額,二人以上の世帯（2000年～）,全国,2012年3月,,259,81,"1,231",1,385
金額,二人以上の世帯（2000年～）,全国,2012年4月,,248,44,"1,243",1,524
金額,二人以上の世帯（2000年～）,全国,2012年5月,,255,39,"1,293",0,671
金額,二人以上の世帯（2000年～）,全国,2012年6月,,243,49,"1,291",0,798
金額,二人以上の世帯（2000年～）,全国,2012年7月,,228,37,"1,388",29,"1,165"
金額,二人以上の世帯（2000年～）,全国,2012年8月,,261,50,"1,423",556,"1,332"
金額,二人以上の世帯（2000年～）,全国,2012年9月,,253,50,"1,358",841,849
金額,二人以上の世帯（2000年～）,全国,2012年10月,,232,80,"1,281",386,515
金額,二人以上の世帯（2000年～）,全国,2012年11月,,203,199,"1,162",121,326
金額,二人以上の世帯（2000年～）,全国,2012年12月,,561,936,"1,261",68,414
金額,二人以上の世帯（2000年～）,全国,2013年1月,,232,173,"1,110",9,363
金額,二人以上の世帯（2000年～）,全国,2013年2月,,207,87,"1,106",3,322
金額,二人以上の世帯（2000年～）,全国,2013年3月,,255,58,"1,247",1,438
金額,二人以上の世帯（2000年～）,全国,2013年4月,,242,61,"1,194",0,525
金額,二人以上の世帯（2000年～）,全国,2013年5月,,248,50,"1,268",0,761
金額,二人以上の世帯（2000年～）,全国,2013年6月,,220,29,"1,313",5,878
金額,二人以上の世帯（2000年～）,全国,2013年7月,,237,38,"1,398",38,"1,234"
金額,二人以上の世帯（2000年～）,全国,2013年8月,,243,63,"1,373",676,"1,437"
金額,二人以上の世帯（2000年～）,全国,2013年9月,,228,56,"1,337",783,794
金額,二人以上の世帯（2000年～）,全国,2013年10月,,218,60,"1,338",245,549
金額,二人以上の世帯（2000年～）,全国,2013年11月,,215,145,"1,234",102,370
金額,二人以上の世帯（2000年～）,全国,2013年12月,,508,"1,022","1,293",89,445
金額,二人以上の世帯（2000年～）,全国,2014年1月,,201,231,"1,142",6,396
金額,二人以上の世帯（2000年～）,全国,2014年2月,,190,65,"1,137",3,309
金額,二人以上の世帯（2000年～）,全国,2014年3月,,241,53,"1,241",3,447
金額,二人以上の世帯（2000年～）,全国,2014年4月,,211,48,"1,255",0,520
金額,二人以上の世帯（2000年～）,全国,2014年5月,,238,51,"1,325",0,803
金額,二人以上の世帯（2000年～）,全国,2014年6月,,221,47,"1,350",1,900
金額,二人以上の世帯（2000年～）,全国,2014年7月,,238,26,"1,362",30,"1,202"
金額,二人以上の世帯（2000年～）,全国,2014年8月,,267,60,"1,377",587,"1,238"
金額,二人以上の世帯（2000年～）,全国,2014年9月,,193,29,"1,290",769,748
金額,二人以上の世帯（2000年～）,全国,2014年10月,,211,56,"1,293",326,570
金額,二人以上の世帯（2000年～）,全国,2014年11月,,194,206,"1,173",126,419
金額,二人以上の世帯（2000年～）,全国,2014年12月,,553,"1,061","1,231",65,455
金額,二人以上の世帯（2000年～）,全国,2015年1月,,226,219,"1,124",6,401
金額,二人以上の世帯（2000年～）,全国,2015年2月,,217,85,"1,129",2,345
金額,二人以上の世帯（2000年～）,全国,2015年3月,,239,67,"1,251",1,480
金額,二人以上の世帯（2000年～）,全国,2015年4月,,232,35,"1,262",1,590
金額,二人以上の世帯（2000年～）,全国,2015年5月,,249,37,"1,333",0,928
金額,二人以上の世帯（2000年～）,全国,2015年6月,,225,28,"1,321",0,894
金額,二人以上の世帯（2000年～）,全国,2015年7月,,221,28,"1,409",36,"1,257"
金額,二人以上の世帯（2000年～）,全国,2015年8月,,261,40,"1,416",618,"1,384"
金額,二人以上の世帯（2000年～）,全国,2015年9月,,234,47,"1,335",678,768
金額,二人以上の世帯（2000年～）,全国,2015年10月,,233,54,"1,314",240,603
金額,二人以上の世帯（2000年～）,全国,2015年11月,,237,182,"1,243",124,478
金額,二人以上の世帯（2000年～）,全国,2015年12月,,602,"1,086","1,297",95,581
金額,二人以上の世帯（2000年～）,全国,2016年1月,,228,225,"1,146",8,464
金額,二人以上の世帯（2000年～）,全国,2016年2月,,218,82,"1,190",2,397
金額,二人以上の世帯（2000年～）,全国,2016年3月,,261,78,"1,266",0,493
金額,二人以上の世帯（2000年～）,全国,2016年4月,,229,57,"1,245",0,617
金額,二人以上の世帯（2000年～）,全国,2016年5月,,257,50,"1,339",0,890
金額,二人以上の世帯（2000年～）,全国,2016年6月,,219,29,"1,322",0,883
金額,二人以上の世帯（2000年～）,全国,2016年7月,,220,37,"1,375",36,"1,292"
金額,二人以上の世帯（2000年～）,全国,2016年8月,,277,39,"1,437",651,"1,387"
金額,二人以上の世帯（2000年～）,全国,2016年9月,,229,24,"1,396",708,843
金額,二人以上の世帯（2000年～）,全国,2016年10月,,227,47,"1,357",248,621
金額,二人以上の世帯（2000年～）,全国,2016年11月,,215,153,"1,181",133,459
金額,二人以上の世帯（2000年～）,全国,2016年12月,,530,899,"1,264",83,561
金額,二人以上の世帯（2000年～）,全国,2017年1月,,214,170,"1,165",11,489
金額,二人以上の世帯（2000年～）,全国,2017年2月,,210,74,"1,140",4,382
金額,二人以上の世帯（2000年～）,全国,2017年3月,,252,49,"1,242",2,472
金額,二人以上の世帯（2000年～）,全国,2017年4月,,221,37,"1,233",0,624
金額,二人以上の世帯（2000年～）,全国,2017年5月,,255,38,"1,330",0,915
金額,二人以上の世帯（2000年～）,全国,2017年6月,,223,16,"1,320",1,914
金額,二人以上の世帯（2000年～）,全国,2017年7月,,218,31,"1,411",32,"1,394"
金額,二人以上の世帯（2000年～）,全国,2017年8月,,252,36,"1,383",560,"1,370"
金額,二人以上の世帯（2000年～）,全国,2017年9月,,230,41,"1,318",685,826
金額,二人以上の世帯（2000年～）,全国,2017年10月,,219,39,"1,286",286,599
金額,二人以上の世帯（2000年～）,全国,2017年11月,,217,157,"1,207",142,489
金額,二人以上の世帯（2000年～）,全国,2017年12月,,505,"1,051","1,265",93,573
金額,二人以上の世帯（2000年～）,全国,2018年1月,,208,195,"1,162",11,507
金額,二人以上の世帯（2000年～）,全国,2018年2月,,196,57,"1,098",3,416
金額,二人以上の世帯（2000年～）,全国,2018年3月,,222,35,"1,186",2,607
金額,二人以上の世帯（2000年～）,全国,2018年4月,,205,23,"1,199",1,746
金額,二人以上の世帯（2000年～）,全国,2018年5月,,231,16,"1,275",1,894
金額,二人以上の世帯（2000年～）,全国,2018年6月,,208,17,"1,276",2,"1,021"
金額,二人以上の世帯（2000年～）,全国,2018年7月,,208,22,"1,368",52,"1,506"
金額,二人以上の世帯（2000年～）,全国,2018年8月,,254,16,"1,378",524,"1,443"
金額,二人以上の世帯（2000年～）,全国,2018年9月,,208,18,"1,333",617,861
金額,二人以上の世帯（2000年～）,全国,2018年10月,,206,25,"1,270",285,640
金額,二人以上の世帯（2000年～）,全国,2018年11月,,204,132,"1,171",123,492
金額,二人以上の世帯（2000年～）,全国,2018年12月,,486,850,"1,235",52,537
金額,二人以上の世帯（2000年～）,全国,2019年1月,,201,188,"1,141",8,494
金額,二人以上の世帯（2000年～）,全国,2019年2月,,199,27,"1,115",1,423
金額,二人以上の世帯（2000年～）,全国,2019年3月,,234,22,"1,227",0,542
金額,二人以上の世帯（2000年～）,全国,2019年4月,,216,21,"1,212",1,667
金額,二人以上の世帯（2000年～）,全国,2019年5月,,241,18,"1,342",0,"1,000"
金額,二人以上の世帯（2000年～）,全国,2019年6月,,216,22,"1,295",1,991
金額,二人以上の世帯（2000年～）,全国,2019年7月,,197,20,"1,355",31,"1,236"
金額,二人以上の世帯（2000年～）,全国,2019年8月,,244,27,"1,398",529,"1,513"
金額,二人以上の世帯（2000年～）,全国,2019年9月,,211,28,"1,348",729,996
金額,二人以上の世帯（2000年～）,全国,2019年10月,,198,27,"1,301",271,724
金額,二人以上の世帯（2000年～）,全国,2019年11月,,201,164,"1,184",115,531
金額,二人以上の世帯（2000年～）,全国,2019年12月,,498,"1,005","1,258",63,584
金額,二人以上の世帯（2000年～）,全国,2020年1月,,195,161,"1,158",9,510
金額,二人以上の世帯（2000年～）,全国,2020年2月,,199,26,"1,176",2,482
金額,二人以上の世帯（2000年～）,全国,2020年3月,,232,58,"1,336",2,610
金額,二人以上の世帯（2000年～）,全国,2020年4月,,238,25,"1,367",0,689
金額,二人以上の世帯（2000年～）,全国,2020年5月,,267,34,"1,472",0,"1,040"
金額,二人以上の世帯（2000年～）,全国,2020年6月,,237,42,"1,374",1,"1,123"
金額,二人以上の世帯（2000年～）,全国,2020年7月,,239,21,"1,381",33,"1,155"
金額,二人以上の世帯（2000年～）,全国,2020年8月,,279,36,"1,451",556,"1,658"
金額,二人以上の世帯（2000年～）,全国,2020年9月,,251,31,"1,363",579,"1,025"
金額,二人以上の世帯（2000年～）,全国,2020年10月,,231,55,"1,300",245,649
金額,二人以上の世帯（2000年～）,全国,2020年11月,,226,179,"1,242",101,573
金額,二人以上の世帯（2000年～）,全国,2020年12月,,524,"1,056","1,277",70,599
金額,二人以上の世帯（2000年～）,全国,2021年1月,,234,135,"1,205",9,510
金額,二人以上の世帯（2000年～）,全国,2021年2月,,218,47,"1,158",3,458
金額,二人以上の世帯（2000年～）,全国,2021年3月,,237,38,"1,240",0,602
金額,二人以上の世帯（2000年～）,全国,2021年4月,,228,34,"1,208",0,708
金額,二人以上の世帯（2000年～）,全国,2021年5月,,257,23,"1,269",0,915
金額,二人以上の世帯（2000年～）,全国,2021年6月,,236,17,"1,254",0,"1,089"
金額,二人以上の世帯（2000年～）,全国,2021年7月,,227,23,"1,312",74,"1,485"
金額,二人以上の世帯（2000年～）,全国,2021年8月,,263,23,"1,368",583,"1,427"
金額,二人以上の世帯（2000年～）,全国,2021年9月,,236,28,"1,284",670,973
金額,二人以上の世帯（2000年～）,全国,2021年10月,,231,48,"1,285",218,779
金額,二人以上の世帯（2000年～）,全国,2021年11月,,225,227,"1,170",124,582
金額,二人以上の世帯（2000年～）,全国,2021年12月,,552,"1,095","1,207",53,620
金額,二人以上の世帯（2000年～）,全国,2022年1月,,216,179,"1,176",4,581
金額,二人以上の世帯（2000年～）,全国,2022年2月,,210,48,"1,159",2,504
金額,二人以上の世帯（2000年～）,全国,2022年3月,,237,34,"1,233",1,631
金額,二人以上の世帯（2000年～）,全国,2022年4月,,203,31,"1,241",0,781
金額,二人以上の世帯（2000年～）,全国,2022年5月,,229,18,"1,258",0,975
金額,二人以上の世帯（2000年～）,全国,2022年6月,,204,25,"1,220",6,"1,109"
金額,二人以上の世帯（2000年～）,全国,2022年7月,,202,49,"1,331",50,"1,551"
金額,二人以上の世帯（2000年～）,全国,2022年8月,,239,23,"1,364",589,"1,516"
金額,二人以上の世帯（2000年～）,全国,2022年9月,,227,16,"1,260",739,"1,083"
金額,二人以上の世帯（2000年～）,全国,2022年10月,,221,28,"1,235",306,794
金額,二人以上の世帯（2000年～）,全国,2022年11月,,214,137,"1,245",126,660
金額,二人以上の世帯（2000年～）,全国,2022年12月,,525,881,"1,280",58,663
金額,二人以上の世帯（2000年～）,全国,2023年1月,,226,180,"1,201",14,550
金額,二人以上の世帯（2000年～）,全国,2023年2月,,206,53,"1,129",3,500
金額,二人以上の世帯（2000年～）,全国,2023年3月,,237,39,"1,242",0,665
金額,二人以上の世帯（2000年～）,全国,2023年4月,,227,35,"1,256",0,797
金額,二人以上の世帯（2000年～）,全国,2023年5月,,254,19,"1,268",0,"1,063"
金額,二人以上の世帯（2000年～）,全国,2023年6月,,237,28,"1,280",1,"1,142"
金額,二人以上の世帯（2000年～）,全国,2023年7月,,201,31,"1,369",62,"1,688"
金額,二人以上の世帯（2000年～）,全国,2023年8月,,251,25,"1,458",622,"1,710"
金額,二人以上の世帯（2000年～）,全国,2023年9月,,212,38,"1,429",663,"1,234"
金額,二人以上の世帯（2000年～）,全国,2023年10月,,223,38,"1,421",229,823
金額,二人以上の世帯（2000年～）,全国,2023年11月,,211,169,"1,336",92,682
金額,二人以上の世帯（2000年～）,全国,2023年12月,,490,986,"1,335",51,724
金額,二人以上の世帯（2000年～）,全国,2024年1月,,212,153,"1,291",6,633
金額,二人以上の世帯（2000年～）,全国,2024年2月,,212,72,"1,258",3,581
金額,二人以上の世帯（2000年～）,全国,2024年3月,,240,55,"1,331",0,703
金額,二人以上の世帯（2000年～）,全国,2024年4月,,233,34,"1,314",0,924
金額,二人以上の世帯（2000年～）,全国,2024年5月,,230,20,"1,338",0,"1,100"
金額,二人以上の世帯（2000年～）,全国,2024年6月,,213,34,"1,319",0,"1,282"
金額,二人以上の世帯（2000年～）,全国,2024年7月,,211,24,"1,402",56,"1,684"
金額,二人以上の世帯（2000年～）,全国,2024年8月,,255,32,"1,426",593,"1,753"
金額,二人以上の世帯（2000年～）,全国,2024年9月,,211,24,"1,394",774,"1,282"
金額,二人以上の世帯（2000年～）,全国,2024年10月,,216,50,"1,318",279,911
金額,二人以上の世帯（2000年～）,全国,2024年11月,,219,169,"1,226",122,691
金額,二人以上の世帯（2000年～）,全国,2024年12月,,491,"1,161","1,291",55,750
金額,二人以上の世帯（2000年～）,全国,2025年1月,,213,176,"1,206",13,643
金額,二人以上の世帯（2000年～）,全国,2025年2月,,211,51,"1,139",5,581
金額,二人以上の世帯（2000年～）,全国,2025年3月,,242,32,"1,293",1,781
金額,二人以上の世帯（2000年～）,全国,2025年4月,,238,30,"1,254",0,930
金額,二人以上の世帯（2000年～）,全国,2025年5月,,234,27,"1,276",0,"1,127"
金額,二人以上の世帯（2000年～）,全国,2025年6月,,199,24,"1,331",3,"1,423"
金額,二人以上の世帯（2000年～）,全国,2025年7月,,192,21,"1,400",52,"1,854"
金額,二人以上の世帯（2000年～）,全国,2025年8月,,253,24,"1,472",557,"1,906"
金額,二人以上の世帯（2000年～）,全国,2025年9月,,223,25,"1,431",773,"1,324"
金額,二人以上の世帯（2000年～）,全国,2025年10月,,212,36,"1,415",312,902
金額,二人以上の世帯（2000年～）,全国,2025年11月,,213,276,"1,330",157,740
金額,二人以上の世帯（2000年～）,全国,2025年12月,,500,924,"1,328",76,834
金額,二人以上の世帯（2000年～）,全国,2026年1月,,230,264,"1,236",13,711
金額,二人以上の世帯（2000年～）,全国,2026年2月,,211,42,"1,183",3,670
金額,二人以上の世帯（2000年～）,全国,2026年3月,,239,50,"1,281",1,815
金額,二人以上の世帯（2000年～）,31201 鳥取市,2007年9月,,312,27,"1,928","3,981",883
金額,二人以上の世帯（2000年～）,31201 鳥取市,2007年10月,,402,47,"1,886","2,680",505
金額,二人以上の世帯（2000年～）,31201 鳥取市,2007年11月,,235,"3,853","1,800",39,190
金額,二人以上の世帯（2000年～）,31201 鳥取市,2007年12月,,457,"3,059","1,843",76,244
金額,二人以上の世帯（2000年～）,31201 鳥取市,2008年1月,,305,472,"2,018",5,208
金額,二人以上の世帯（2000年～）,31201 鳥取市,2008年2月,,374,505,"1,765",5,284
金額,二人以上の世帯（2000年～）,31201 鳥取市,2008年3月,,365,338,"2,028",0,339
金額,二人以上の世帯（2000年～）,31201 鳥取市,2008年4月,,362,34,"1,723",0,537
金額,二人以上の世帯（2000年～）,31201 鳥取市,2008年5月,,385,10,"1,885",0,749
金額,二人以上の世帯（2000年～）,31201 鳥取市,2008年6月,,275,15,"1,727",0,654
金額,二人以上の世帯（2000年～）,31201 鳥取市,2008年7月,,198,17,"1,850",87,"1,052"
金額,二人以上の世帯（2000年～）,31201 鳥取市,2008年8月,,218,21,"1,949","2,313","1,069"
金額,二人以上の世帯（2000年～）,31201 鳥取市,2008年9月,,297,19,"1,766","4,400",620
金額,二人以上の世帯（2000年～）,31201 鳥取市,2008年10月,,383,226,"1,730","1,080",419
金額,二人以上の世帯（2000年～）,31201 鳥取市,2008年11月,,203,"3,096","1,584",121,326
金額,二人以上の世帯（2000年～）,31201 鳥取市,2008年12月,,486,"2,744","1,488",811,442
金額,二人以上の世帯（2000年～）,31201 鳥取市,2009年1月,,367,858,"1,470",16,362
金額,二人以上の世帯（2000年～）,31201 鳥取市,2009年2月,,262,550,"1,473",16,303
金額,二人以上の世帯（2000年～）,31201 鳥取市,2009年3月,,398,338,"1,536",23,308
金額,二人以上の世帯（2000年～）,31201 鳥取市,2009年4月,,301,65,"1,443",4,483
金額,二人以上の世帯（2000年～）,31201 鳥取市,2009年5月,,415,47,"1,509",0,678
金額,二人以上の世帯（2000年～）,31201 鳥取市,2009年6月,,227,25,"1,597",0,793
金額,二人以上の世帯（2000年～）,31201 鳥取市,2009年7月,,181,8,"1,461",467,951
金額,二人以上の世帯（2000年～）,31201 鳥取市,2009年8月,,258,35,"1,661","1,842",968
金額,二人以上の世帯（2000年～）,31201 鳥取市,2009年9月,,267,31,"1,630","4,436",632
金額,二人以上の世帯（2000年～）,31201 鳥取市,2009年10月,,279,71,"1,313","2,214",491
金額,二人以上の世帯（2000年～）,31201 鳥取市,2009年11月,,204,"2,664","1,193","1,286",318
金額,二人以上の世帯（2000年～）,31201 鳥取市,2009年12月,,776,"2,896","1,266",482,308
金額,二人以上の世帯（2000年～）,31201 鳥取市,2010年1月,,220,755,"1,240",24,344
金額,二人以上の世帯（2000年～）,31201 鳥取市,2010年2月,,259,591,885,2,328
金額,二人以上の世帯（2000年～）,31201 鳥取市,2010年3月,,455,239,"1,141",1,365
金額,二人以上の世帯（2000年～）,31201 鳥取市,2010年4月,,304,16,"1,238",7,496
金額,二人以上の世帯（2000年～）,31201 鳥取市,2010年5月,,472,16,"1,395",0,"1,021"
金額,二人以上の世帯（2000年～）,31201 鳥取市,2010年6月,,197,9,"1,355",0,779
金額,二人以上の世帯（2000年～）,31201 鳥取市,2010年7月,,198,11,"1,557",456,"1,202"
金額,二人以上の世帯（2000年～）,31201 鳥取市,2010年8月,,163,34,"1,730","1,030","1,483"
金額,二人以上の世帯（2000年～）,31201 鳥取市,2010年9月,,354,44,"1,774","5,171",915
金額,二人以上の世帯（2000年～）,31201 鳥取市,2010年10月,,245,71,"1,711","1,697",575
金額,二人以上の世帯（2000年～）,31201 鳥取市,2010年11月,,214,"1,298","1,648",419,483
金額,二人以上の世帯（2000年～）,31201 鳥取市,2010年12月,,382,"3,005","1,697",17,281
金額,二人以上の世帯（2000年～）,31201 鳥取市,2011年1月,,288,671,"1,533",12,392
金額,二人以上の世帯（2000年～）,31201 鳥取市,2011年2月,,306,732,"1,388",2,271
金額,二人以上の世帯（2000年～）,31201 鳥取市,2011年3月,,323,278,"1,531",2,430
金額,二人以上の世帯（2000年～）,31201 鳥取市,2011年4月,,356,23,"1,391",2,428
金額,二人以上の世帯（2000年～）,31201 鳥取市,2011年5月,,246,78,"1,531",4,664
金額,二人以上の世帯（2000年～）,31201 鳥取市,2011年6月,,238,6,"1,589",0,904
金額,二人以上の世帯（2000年～）,31201 鳥取市,2011年7月,,139,35,"1,663",597,"1,502"
金額,二人以上の世帯（2000年～）,31201 鳥取市,2011年8月,,273,48,"1,620",957,"1,473"
金額,二人以上の世帯（2000年～）,31201 鳥取市,2011年9月,,243,90,"1,492","3,109",936
金額,二人以上の世帯（2000年～）,31201 鳥取市,2011年10月,,333,61,"1,380","1,138",784
金額,二人以上の世帯（2000年～）,31201 鳥取市,2011年11月,,305,"1,812","1,168",775,430
金額,二人以上の世帯（2000年～）,31201 鳥取市,2011年12月,,709,"1,990","1,411",379,579
金額,二人以上の世帯（2000年～）,31201 鳥取市,2012年1月,,366,931,"1,245",20,379
金額,二人以上の世帯（2000年～）,31201 鳥取市,2012年2月,,284,592,"1,217",19,300
金額,二人以上の世帯（2000年～）,31201 鳥取市,2012年3月,,275,329,"1,484",18,403
金額,二人以上の世帯（2000年～）,31201 鳥取市,2012年4月,,217,62,"1,480",6,562
金額,二人以上の世帯（2000年～）,31201 鳥取市,2012年5月,,236,3,"1,603",23,564
金額,二人以上の世帯（2000年～）,31201 鳥取市,2012年6月,,181,4,"1,736",0,861
金額,二人以上の世帯（2000年～）,31201 鳥取市,2012年7月,,163,14,"1,699",195,"1,187"
金額,二人以上の世帯（2000年～）,31201 鳥取市,2012年8月,,240,106,"1,624","1,089","1,279"
金額,二人以上の世帯（2000年～）,31201 鳥取市,2012年9月,,353,50,"1,518","4,297",691
金額,二人以上の世帯（2000年～）,31201 鳥取市,2012年10月,,241,66,"1,571","1,424",420
金額,二人以上の世帯（2000年～）,31201 鳥取市,2012年11月,,220,"1,706","1,350",349,288
金額,二人以上の世帯（2000年～）,31201 鳥取市,2012年12月,,617,"4,089","1,402",72,278
金額,二人以上の世帯（2000年～）,31201 鳥取市,2013年1月,,260,768,"1,466",40,437
金額,二人以上の世帯（2000年～）,31201 鳥取市,2013年2月,,194,711,"1,291",11,292
金額,二人以上の世帯（2000年～）,31201 鳥取市,2013年3月,,312,320,"1,635",14,369
金額,二人以上の世帯（2000年～）,31201 鳥取市,2013年4月,,187,27,"1,536",11,408
金額,二人以上の世帯（2000年～）,31201 鳥取市,2013年5月,,295,76,"1,805",0,645
金額,二人以上の世帯（2000年～）,31201 鳥取市,2013年6月,,162,5,"1,697",0,882
金額,二人以上の世帯（2000年～）,31201 鳥取市,2013年7月,,162,19,"1,938",0,"1,592"
金額,二人以上の世帯（2000年～）,31201 鳥取市,2013年8月,,232,108,"1,780","3,080","1,666"
金額,二人以上の世帯（2000年～）,31201 鳥取市,2013年9月,,300,51,"1,702","3,164","1,057"
金額,二人以上の世帯（2000年～）,31201 鳥取市,2013年10月,,243,86,"1,696","1,067",636
金額,二人以上の世帯（2000年～）,31201 鳥取市,2013年11月,,298,"1,589","1,636",207,469
金額,二人以上の世帯（2000年～）,31201 鳥取市,2013年12月,,460,"1,731","1,394",225,303
金額,二人以上の世帯（2000年～）,31201 鳥取市,2014年1月,,254,279,"1,410",58,287
金額,二人以上の世帯（2000年～）,31201 鳥取市,2014年2月,,235,906,"1,555",9,310
金額,二人以上の世帯（2000年～）,31201 鳥取市,2014年3月,,383,161,"1,718",5,336
金額,二人以上の世帯（2000年～）,31201 鳥取市,2014年4月,,315,41,"1,909",1,521
金額,二人以上の世帯（2000年～）,31201 鳥取市,2014年5月,,229,34,"1,564",0,812
金額,二人以上の世帯（2000年～）,31201 鳥取市,2014年6月,,210,4,"1,735",0,"1,060"
金額,二人以上の世帯（2000年～）,31201 鳥取市,2014年7月,,349,9,"1,788",960,"1,467"
金額,二人以上の世帯（2000年～）,31201 鳥取市,2014年8月,,226,49,"1,855",963,"1,352"
金額,二人以上の世帯（2000年～）,31201 鳥取市,2014年9月,,213,184,"1,753","4,133",878
金額,二人以上の世帯（2000年～）,31201 鳥取市,2014年10月,,280,147,"1,547","1,195",462
金額,二人以上の世帯（2000年～）,31201 鳥取市,2014年11月,,183,"3,078","1,513",151,365
金額,二人以上の世帯（2000年～）,31201 鳥取市,2014年12月,,553,"2,119","1,472",365,354
金額,二人以上の世帯（2000年～）,31201 鳥取市,2015年1月,,257,545,"1,345",64,212
金額,二人以上の世帯（2000年～）,31201 鳥取市,2015年2月,,210,"1,142","1,462",17,289
金額,二人以上の世帯（2000年～）,31201 鳥取市,2015年3月,,206,80,"1,467",3,288
金額,二人以上の世帯（2000年～）,31201 鳥取市,2015年4月,,202,30,"1,569",3,545
金額,二人以上の世帯（2000年～）,31201 鳥取市,2015年5月,,270,79,"1,687",0,918
金額,二人以上の世帯（2000年～）,31201 鳥取市,2015年6月,,149,2,"1,600",2,"1,173"
金額,二人以上の世帯（2000年～）,31201 鳥取市,2015年7月,,135,0,"1,723",332,"1,798"
金額,二人以上の世帯（2000年～）,31201 鳥取市,2015年8月,,218,42,"1,744","1,089","1,515"
金額,二人以上の世帯（2000年～）,31201 鳥取市,2015年9月,,397,58,"1,691","4,500",667
金額,二人以上の世帯（2000年～）,31201 鳥取市,2015年10月,,278,40,"1,757","1,615",737
金額,二人以上の世帯（2000年～）,31201 鳥取市,2015年11月,,162,917,"1,518",270,496
金額,二人以上の世帯（2000年～）,31201 鳥取市,2015年12月,,552,"1,932","1,721",240,448
金額,二人以上の世帯（2000年～）,31201 鳥取市,2016年1月,,272,469,"1,538",45,415
金額,二人以上の世帯（2000年～）,31201 鳥取市,2016年2月,,348,320,"1,507",21,352
金額,二人以上の世帯（2000年～）,31201 鳥取市,2016年3月,,318,97,"1,480",3,592
金額,二人以上の世帯（2000年～）,31201 鳥取市,2016年4月,,303,42,"1,358",0,573
金額,二人以上の世帯（2000年～）,31201 鳥取市,2016年5月,,309,4,"1,515",0,959
金額,二人以上の世帯（2000年～）,31201 鳥取市,2016年6月,,195,5,"1,226",0,929
金額,二人以上の世帯（2000年～）,31201 鳥取市,2016年7月,,263,10,"1,409",24,"1,365"
金額,二人以上の世帯（2000年～）,31201 鳥取市,2016年8月,,249,61,"1,597","2,537","1,220"
金額,二人以上の世帯（2000年～）,31201 鳥取市,2016年9月,,322,10,"1,525","4,148",677
金額,二人以上の世帯（2000年～）,31201 鳥取市,2016年10月,,310,17,"1,355",94,567
金額,二人以上の世帯（2000年～）,31201 鳥取市,2016年11月,,181,992,"1,256",231,416
金額,二人以上の世帯（2000年～）,31201 鳥取市,2016年12月,,503,"2,250","1,213",66,636
金額,二人以上の世帯（2000年～）,31201 鳥取市,2017年1月,,246,433,"1,390",15,417
金額,二人以上の世帯（2000年～）,31201 鳥取市,2017年2月,,147,592,"1,136",7,363
金額,二人以上の世帯（2000年～）,31201 鳥取市,2017年3月,,184,100,"1,210",12,511
金額,二人以上の世帯（2000年～）,31201 鳥取市,2017年4月,,221,15,"1,446",0,761
金額,二人以上の世帯（2000年～）,31201 鳥取市,2017年5月,,282,70,"1,568",0,904
金額,二人以上の世帯（2000年～）,31201 鳥取市,2017年6月,,188,0,"1,534",0,"1,038"
金額,二人以上の世帯（2000年～）,31201 鳥取市,2017年7月,,249,0,"1,528",56,"1,822"
金額,二人以上の世帯（2000年～）,31201 鳥取市,2017年8月,,275,18,"1,654","2,147","1,420"
金額,二人以上の世帯（2000年～）,31201 鳥取市,2017年9月,,373,38,"1,494","4,106",810
金額,二人以上の世帯（2000年～）,31201 鳥取市,2017年10月,,350,55,"1,435","1,396",583
金額,二人以上の世帯（2000年～）,31201 鳥取市,2017年11月,,201,"1,584","1,347",381,580
金額,二人以上の世帯（2000年～）,31201 鳥取市,2017年12月,,429,"2,684","1,328",420,593
金額,二人以上の世帯（2000年～）,31201 鳥取市,2018年1月,,286,402,"1,373",102,453
金額,二人以上の世帯（2000年～）,31201 鳥取市,2018年2月,,315,501,"1,156",27,379
金額,二人以上の世帯（2000年～）,31201 鳥取市,2018年3月,,214,124,"1,244",11,515
金額,二人以上の世帯（2000年～）,31201 鳥取市,2018年4月,,230,10,"1,398",9,543
金額,二人以上の世帯（2000年～）,31201 鳥取市,2018年5月,,280,31,"1,269",0,955
金額,二人以上の世帯（2000年～）,31201 鳥取市,2018年6月,,177,0,"1,259",0,"1,051"
金額,二人以上の世帯（2000年～）,31201 鳥取市,2018年7月,,215,0,"1,562",548,"1,604"
金額,二人以上の世帯（2000年～）,31201 鳥取市,2018年8月,,186,12,"1,794","1,355","1,791"
金額,二人以上の世帯（2000年～）,31201 鳥取市,2018年9月,,190,9,"1,585","4,403",900
金額,二人以上の世帯（2000年～）,31201 鳥取市,2018年10月,,244,15,"1,500","1,713",787
金額,二人以上の世帯（2000年～）,31201 鳥取市,2018年11月,,179,"1,440","1,767",295,748
金額,二人以上の世帯（2000年～）,31201 鳥取市,2018年12月,,484,"1,785","1,871",640,663
金額,二人以上の世帯（2000年～）,31201 鳥取市,2019年1月,,270,174,"1,541",70,656
金額,二人以上の世帯（2000年～）,31201 鳥取市,2019年2月,,254,557,"1,459",45,490
金額,二人以上の世帯（2000年～）,31201 鳥取市,2019年3月,,344,103,"1,666",17,629
金額,二人以上の世帯（2000年～）,31201 鳥取市,2019年4月,,265,29,"1,884",3,605
金額,二人以上の世帯（2000年～）,31201 鳥取市,2019年5月,,215,18,"1,493",0,"1,261"
金額,二人以上の世帯（2000年～）,31201 鳥取市,2019年6月,,265,18,"1,988",0,"1,012"
金額,二人以上の世帯（2000年～）,31201 鳥取市,2019年7月,,218,20,"1,846","1,263","1,400"
金額,二人以上の世帯（2000年～）,31201 鳥取市,2019年8月,,246,32,"1,905","2,328","1,687"
金額,二人以上の世帯（2000年～）,31201 鳥取市,2019年9月,,226,3,"1,856","3,064",927
金額,二人以上の世帯（2000年～）,31201 鳥取市,2019年10月,,244,16,"1,864",425,588
金額,二人以上の世帯（2000年～）,31201 鳥取市,2019年11月,,205,"1,849","1,706",207,422
金額,二人以上の世帯（2000年～）,31201 鳥取市,2019年12月,,355,"2,191","1,615",85,462
金額,二人以上の世帯（2000年～）,31201 鳥取市,2020年1月,,269,59,"1,559",24,371
金額,二人以上の世帯（2000年～）,31201 鳥取市,2020年2月,,224,440,"1,505",0,457
金額,二人以上の世帯（2000年～）,31201 鳥取市,2020年3月,,270,258,"1,807",0,526
金額,二人以上の世帯（2000年～）,31201 鳥取市,2020年4月,,207,31,"1,792",0,620
金額,二人以上の世帯（2000年～）,31201 鳥取市,2020年5月,,272,14,"1,772",0,"1,004"
金額,二人以上の世帯（2000年～）,31201 鳥取市,2020年6月,,211,10,"1,984",14,"1,180"
金額,二人以上の世帯（2000年～）,31201 鳥取市,2020年7月,,243,12,"1,671",587,"1,543"
金額,二人以上の世帯（2000年～）,31201 鳥取市,2020年8月,,317,18,"1,633","1,886","1,970"
金額,二人以上の世帯（2000年～）,31201 鳥取市,2020年9月,,365,25,"1,389","4,368",993
金額,二人以上の世帯（2000年～）,31201 鳥取市,2020年10月,,222,167,"1,562",605,856
金額,二人以上の世帯（2000年～）,31201 鳥取市,2020年11月,,174,"2,341","1,352",135,700
金額,二人以上の世帯（2000年～）,31201 鳥取市,2020年12月,,537,"2,670","1,412",170,794
金額,二人以上の世帯（2000年～）,31201 鳥取市,2021年1月,,303,343,"1,240",32,603
金額,二人以上の世帯（2000年～）,31201 鳥取市,2021年2月,,237,812,"1,222",14,483
金額,二人以上の世帯（2000年～）,31201 鳥取市,2021年3月,,349,85,"1,417",4,528
金額,二人以上の世帯（2000年～）,31201 鳥取市,2021年4月,,198,20,"1,198",0,520
金額,二人以上の世帯（2000年～）,31201 鳥取市,2021年5月,,213,5,"1,379",0,742
金額,二人以上の世帯（2000年～）,31201 鳥取市,2021年6月,,183,0,"1,314",0,"1,175"
金額,二人以上の世帯（2000年～）,31201 鳥取市,2021年7月,,124,34,"1,763","1,107","1,537"
金額,二人以上の世帯（2000年～）,31201 鳥取市,2021年8月,,254,8,"1,851","3,083","1,298"
金額,二人以上の世帯（2000年～）,31201 鳥取市,2021年9月,,273,27,"1,457","3,292",862
金額,二人以上の世帯（2000年～）,31201 鳥取市,2021年10月,,278,117,"1,559","1,157",714
金額,二人以上の世帯（2000年～）,31201 鳥取市,2021年11月,,266,"2,149","1,264",229,576
金額,二人以上の世帯（2000年～）,31201 鳥取市,2021年12月,,532,"1,218","1,199",97,322
金額,二人以上の世帯（2000年～）,31201 鳥取市,2022年1月,,255,347,"1,132",26,379
金額,二人以上の世帯（2000年～）,31201 鳥取市,2022年2月,,332,680,"1,106",18,325
金額,二人以上の世帯（2000年～）,31201 鳥取市,2022年3月,,335,119,"1,215",0,547
金額,二人以上の世帯（2000年～）,31201 鳥取市,2022年4月,,161,5,"1,237",0,696
金額,二人以上の世帯（2000年～）,31201 鳥取市,2022年5月,,204,0,"1,207",0,971
金額,二人以上の世帯（2000年～）,31201 鳥取市,2022年6月,,211,9,"1,238",0,"1,403"
金額,二人以上の世帯（2000年～）,31201 鳥取市,2022年7月,,219,0,"1,328",638,"1,535"
金額,二人以上の世帯（2000年～）,31201 鳥取市,2022年8月,,269,30,"1,359","1,404","1,597"
金額,二人以上の世帯（2000年～）,31201 鳥取市,2022年9月,,386,28,"1,225","3,218",966
金額,二人以上の世帯（2000年～）,31201 鳥取市,2022年10月,,300,0,"1,137",625,586
金額,二人以上の世帯（2000年～）,31201 鳥取市,2022年11月,,227,"1,039","1,164",40,552
金額,二人以上の世帯（2000年～）,31201 鳥取市,2022年12月,,386,927,"1,245",13,538
金額,二人以上の世帯（2000年～）,31201 鳥取市,2023年1月,,287,796,"1,381",5,583
金額,二人以上の世帯（2000年～）,31201 鳥取市,2023年2月,,196,553,"1,487",17,501
金額,二人以上の世帯（2000年～）,31201 鳥取市,2023年3月,,258,184,"1,383",0,528
金額,二人以上の世帯（2000年～）,31201 鳥取市,2023年4月,,305,39,"1,437",0,681
金額,二人以上の世帯（2000年～）,31201 鳥取市,2023年5月,,342,11,"1,488",0,"1,037"
金額,二人以上の世帯（2000年～）,31201 鳥取市,2023年6月,,217,50,"1,514",0,"1,293"
金額,二人以上の世帯（2000年～）,31201 鳥取市,2023年7月,,304,119,"1,585","1,321","1,715"
金額,二人以上の世帯（2000年～）,31201 鳥取市,2023年8月,,373,44,"1,579","2,571","1,654"
金額,二人以上の世帯（2000年～）,31201 鳥取市,2023年9月,,269,81,"1,637","2,158","1,232"
金額,二人以上の世帯（2000年～）,31201 鳥取市,2023年10月,,205,57,"1,543",474,969
金額,二人以上の世帯（2000年～）,31201 鳥取市,2023年11月,,170,"1,105","1,355",130,809
金額,二人以上の世帯（2000年～）,31201 鳥取市,2023年12月,,492,"1,974","1,282",17,672
金額,二人以上の世帯（2000年～）,31201 鳥取市,2024年1月,,275,86,"1,425",2,563
金額,二人以上の世帯（2000年～）,31201 鳥取市,2024年2月,,278,662,"1,167",583,582
金額,二人以上の世帯（2000年～）,31201 鳥取市,2024年3月,,263,117,"1,367",0,899
金額,二人以上の世帯（2000年～）,31201 鳥取市,2024年4月,,269,87,"1,623",0,"1,032"
金額,二人以上の世帯（2000年～）,31201 鳥取市,2024年5月,,287,16,"1,592",0,"1,438"
金額,二人以上の世帯（2000年～）,31201 鳥取市,2024年6月,,185,21,"1,714",0,"1,537"
金額,二人以上の世帯（2000年～）,31201 鳥取市,2024年7月,,210,0,"1,782",346,"1,851"
金額,二人以上の世帯（2000年～）,31201 鳥取市,2024年8月,,299,0,"1,880","1,464","2,154"
金額,二人以上の世帯（2000年～）,31201 鳥取市,2024年9月,,250,17,"1,698","4,335","1,377"
金額,二人以上の世帯（2000年～）,31201 鳥取市,2024年10月,,227,374,"1,648","1,212",941
金額,二人以上の世帯（2000年～）,31201 鳥取市,2024年11月,,194,"2,492","1,416",393,608
金額,二人以上の世帯（2000年～）,31201 鳥取市,2024年12月,,542,"1,737","1,425",510,871
金額,二人以上の世帯（2000年～）,31201 鳥取市,2025年1月,,233,638,"1,338",148,718
金額,二人以上の世帯（2000年～）,31201 鳥取市,2025年2月,,113,106,"1,360",59,937
金額,二人以上の世帯（2000年～）,31201 鳥取市,2025年3月,,214,219,"1,203",6,940
金額,二人以上の世帯（2000年～）,31201 鳥取市,2025年4月,,229,191,"1,235",0,"1,093"
金額,二人以上の世帯（2000年～）,31201 鳥取市,2025年5月,,327,0,"1,262",0,"1,313"
金額,二人以上の世帯（2000年～）,31201 鳥取市,2025年6月,,112,91,"1,409",0,"1,474"
金額,二人以上の世帯（2000年～）,31201 鳥取市,2025年7月,,125,0,"1,576",793,"2,135"
金額,二人以上の世帯（2000年～）,31201 鳥取市,2025年8月,,251,73,"1,933","1,565","2,009"
金額,二人以上の世帯（2000年～）,31201 鳥取市,2025年9月,,215,30,"1,720","3,796","1,385"
金額,二人以上の世帯（2000年～）,31201 鳥取市,2025年10月,,261,13,"1,709",312,909
金額,二人以上の世帯（2000年～）,31201 鳥取市,2025年11月,,159,"1,556","1,603",99,626
金額,二人以上の世帯（2000年～）,31201 鳥取市,2025年12月,,520,"1,399","1,686",78,512
金額,二人以上の世帯（2000年～）,31201 鳥取市,2026年1月,,328,380,"1,519",681,390
金額,二人以上の世帯（2000年～）,31201 鳥取市,2026年2月,,282,445,"1,176",66,429
金額,二人以上の世帯（2000年～）,31201 鳥取市,2026年3月,,383,105,"1,433",0,654
