クラブ,名前,ポジション,生年月日,身長,体重
鹿島,早川　友基,GK,1999/3/3,187,81
鹿島,山田　大樹,GK,2002/1/8,192,90
鹿島,梶川　裕嗣,GK,1991/7/26,185,78
鹿島,藤井　陽登,GK,2003/6/5,183,79
鹿島,安西　幸輝,DF,1995/5/31,172,64
鹿島,キム　テヒョン,DF,2000/9/17,187,82
鹿島,千田　海人,DF,1994/10/17,186,82
鹿島,関川　郁万,DF,2000/9/13,182,72
鹿島,小川　諒也,DF,1996/11/24,183,78
鹿島,溝口　修平,DF,2004/2/13,174,66
鹿島,濃野　公人,DF,2002/3/26,179,67
鹿島,津久井　佳祐,DF,2004/5/21,180,70
鹿島,小池　龍太,DF,1995/8/29,170,65
鹿島,大川　佑梧,DF,2007/7/14,185,73
鹿島,松本　遥翔,DF,2006/9/29,176,73
鹿島,元砂　晏翔仁　ウデンバ,DF,2009/3/10,192,82
鹿島,植田　直通,DF,1994/10/24,186,79
鹿島,三竿　健斗,MF,1996/4/16,181,73
鹿島,柴崎　岳,MF,1992/5/28,175,64
鹿島,知念　慶,MF,1995/3/17,177,73
鹿島,樋口　雄太,MF,1996/10/30,168,66
鹿島,舩橋　佑,MF,2002/7/12,175,67
鹿島,林　晴己,MF,2003/12/5,177,73
鹿島,松村　優太,MF,2001/4/13,173,63
鹿島,荒木　遼太郎,MF,2002/1/29,170,60
鹿島,レオ　セアラ,FW,1995/2/3,178,78
鹿島,田川　亨介,FW,1999/2/11,181,70
鹿島,エウベル,FW,1992/5/27,170,70
鹿島,師岡　柊生,FW,2000/12/9,174,69
鹿島,吉田　湊海,FW,2008/7/15,172,72
鹿島,徳田　誉,FW,2007/2/18,186,83
鹿島,鈴木　優磨,FW,1996/4/26,182,75
鹿島,チャヴリッチ,FW,1994/5/18,186,82
水戸,松原　修平,GK,1992/8/11,185,87
水戸,西川　幸之介,GK,2002/9/11,181,78
水戸,上山　海翔,GK,2007/9/10,203,98
水戸,春名　竜聖,GK,2004/5/1,184,80
水戸,早川　ウワブライト,GK,2006/10/29,190,84
水戸,ダニーロ,DF,1997/3/27,183,78
水戸,牛澤　健,DF,2001/4/11,178,73
水戸,井上　聖也,DF,1999/11/9,187,80
水戸,飯田　貴敬,DF,1994/8/31,180,73
水戸,大森　渚生,DF,1999/8/19,177,75
水戸,板倉　健太,DF,2002/6/15,182,78
水戸,真瀬　拓海,DF,1998/5/3,175,70
水戸,林　和喜,DF,2008/4/17,184,78
水戸,フォファナ　マリック,DF,2000/5/2,185,80
水戸,佐々木　輝大,DF,2003/9/29,185,80
水戸,大崎　航詩,MF,1998/6/30,178,73
水戸,加藤　千尋,MF,1998/12/12,175,72
水戸,鳥海　芳樹,MF,1998/8/1,165,62
水戸,新井　瑞希,MF,1997/4/14,170,64
水戸,長尾　優斗,MF,2001/8/31,178,72
水戸,仙波　大志,MF,1999/8/19,164,62
水戸,山﨑　希一,MF,2001/10/12,167,60
水戸,安藤　晃希,MF,2007/9/22,170,60
水戸,山本　隼大,MF,2003/2/12,180,74
水戸,島谷　義進,MF,2008/3/23,176,67
水戸,山下　優人,MF,1996/5/24,174,78
水戸,山下　翔大,MF,2008/2/29,173,73
水戸,川上　航立,MF,2002/9/7,173,68
水戸,根本　凌,FW,2000/2/3,184,83
水戸,渡邉　新太,FW,1995/8/5,171,67
水戸,粟飯原　尚平,FW,1996/5/26,178,75
水戸,パトリッキ,FW,1998/9/5,180,88
水戸,多田　圭佑,FW,2002/9/27,175,72
水戸,奥田　晃也,FW,1994/10/1,181,72
水戸,マテウス　レイリア,FW,1995/1/22,179,69
水戸,五木田　季晋,FW,2004/7/12,184,78
浦和,西川　周作,GK,1986/6/18,183,81
浦和,牲川　歩見,GK,1994/5/12,195,90
浦和,吉田　舜,GK,1996/11/28,185,83
浦和,佐藤　瑠星,GK,2003/10/24,190,86
浦和,宮本　優太,DF,1999/12/15,171,70
浦和,ダニーロ　ボザ,DF,1998/5/6,184,72
浦和,石原　広教,DF,1999/2/26,169,65
浦和,根本　健太,DF,2002/12/13,184,81
浦和,荻原　拓也,DF,1999/11/23,175,73
浦和,片山　瑛一,DF,1991/11/30,181,75
浦和,ルカ　ディドゥリカ,DF,2007/9/18,200,84
浦和,田中　義峯,DF,2008/4/5,186,85
浦和,マテウス　サヴィオ,MF,1997/4/15,175,74
浦和,中島　翔哉,MF,1994/8/23,164,64
浦和,サミュエル　グスタフソン,MF,1995/1/11,187,79
浦和,渡邊　凌磨,MF,1996/10/2,176,72
浦和,関根　貴大,MF,1995/4/19,167,61
浦和,柴戸　海,MF,1995/11/24,180,70
浦和,松尾　佑介,MF,1997/7/23,170,65
浦和,安居　海渡,MF,2000/2/9,174,69
浦和,植木　颯,MF,2003/10/11,173,71
浦和,早川　隼平,MF,2005/12/5,163,65
浦和,和田　武士,MF,2009/6/5,170,65
浦和,金子　拓郎,MF,1997/7/30,178,75
浦和,長沼　洋一,MF,1997/4/14,178,70
浦和,安部　裕葵,FW,1999/1/28,171,65
浦和,イサーク　キーセ　テリン,FW,1992/6/24,190,85
浦和,小森　飛絢,FW,2000/8/6,178,74
浦和,照内　利和,FW,2006/11/8,172,68
浦和,肥田野　蓮治,FW,2003/12/1,181,75
浦和,松永　颯汰,FW,2003/10/5,180,75
浦和,二田　理央,FW,2003/4/10,174,70
浦和,オナイウ　阿道,FW,1995/11/8,180,75
千葉,ホセ　スアレス,GK,1995/12/18,187,85
千葉,薄井　覇斗,GK,1999/7/11,186,85
千葉,鈴木　椋大,GK,1994/2/10,192,93
千葉,若原　智哉,GK,1999/12/28,186,83
千葉,久保庭　良太,DF,2001/10/14,182,70
千葉,鈴木　大輔,DF,1990/1/29,182,74
千葉,前　貴之,DF,1993/9/16,172,68
千葉,鳥海　晃司,DF,1995/5/9,183,73
千葉,植田　悠太,DF,2004/7/6,173,62
千葉,河野　貴志,DF,1996/6/17,186,82
千葉,石尾　陸登,DF,2001/8/7,181,72
千葉,齋藤　隼士,DF,2008/4/12,182,72
千葉,髙橋　壱晟,MF,1998/4/20,180,81
千葉,田口　泰士,MF,1991/3/16,176,76
千葉,小林　祐介,MF,1994/10/23,172,64
千葉,エドゥアルド,MF,1997/2/1,170,69
千葉,津久井　匠海,MF,2002/4/30,180,75
千葉,米倉　恒貴,MF,1988/5/17,176,71
千葉,椿　直起,MF,2000/6/23,172,65
千葉,杉山　直宏,MF,1998/9/7,176,69
千葉,岩井　琢朗,MF,2002/11/27,175,66
千葉,天笠　泰輝,MF,2000/5/11,176,69
千葉,猪狩　祐真,MF,2003/3/3,167,63
千葉,姫野　誠,MF,2008/8/12,171,66
千葉,安井　拓也,MF,1998/11/21,175,67
千葉,イサカ　ゼイン,MF,1997/5/29,174,78
千葉,品田　愛斗,MF,1999/9/19,180,72
千葉,伊藤　暖,MF,2009/3/3,171,66
千葉,日高　大,MF,1995/3/14,168,62
千葉,田中　和樹,FW,2000/1/13,173,67
千葉,呉屋　大翔,FW,1994/1/2,179,73
千葉,カルリーニョス　ジュニオ,FW,1994/8/8,174,71
千葉,石川　大地,FW,1996/2/22,176,70
千葉,松村　拓実,FW,2004/1/3,178,73
柏,猿田　遥己,GK,1999/4/23,191,83
柏,小島　亨介,GK,1997/1/30,183,85
柏,永井　堅梧,GK,1994/11/6,184,80
柏,坂田　大樹,GK,1994/9/11,184,84
柏,松本　健太,GK,1997/5/4,186,83
柏,三丸　拡,DF,1993/7/6,172,72
柏,古賀　太陽,DF,1998/10/28,184,80
柏,犬飼　智也,DF,1993/5/12,182,78
柏,野田　裕喜,DF,1997/7/27,181,73
柏,杉岡　大暉,DF,1998/9/8,182,75
柏,成瀬　竣平,DF,2001/1/17,166,63
柏,山之内　佑成,DF,2003/9/1,179,78
柏,原田　亘,DF,1996/7/22,178,77
柏,常藤　奏,DF,2004/7/13,183,78
柏,馬場　晴也,DF,2001/10/24,181,76
柏,山田　雄士,MF,2000/5/17,169,63
柏,小泉　佳穂,MF,1996/10/5,172,64
柏,渡井　理己,MF,1999/7/18,168,66
柏,大久保　智明,MF,1998/7/23,170,62
柏,汰木　康也,MF,1995/7/3,183,72
柏,手塚　康平,MF,1996/4/6,177,71
柏,仲間　隼斗,MF,1992/5/16,171,69
柏,瀬川　祐輔,MF,1994/2/7,170,70
柏,小西　雄大,MF,1998/4/18,170,71
柏,長南　開史,MF,2009/4/7,176,70
柏,久保　藤次郎,MF,1999/4/5,167,64
柏,熊坂　光希,MF,2001/4/15,185,80
柏,戸嶋　祥郎,MF,1995/9/26,170,69
柏,古谷　柊介,MF,2005/1/26,174,73
柏,岩永　創太,MF,2005/10/7,166,64
柏,土屋　巧,MF,2003/10/25,180,77
柏,角田　惠風,MF,2003/8/18,171,68
柏,島野　怜,MF,2004/1/7,183,83
柏,中川　敦瑛,MF,2002/5/15,173,71
柏,原川　力,MF,1993/8/18,175,72
柏,山内　日向汰,MF,2001/5/30,170,66
柏,細谷　真大,FW,2001/9/7,178,78
柏,小見　洋太,FW,2002/8/11,169,67
柏,垣田　裕暉,FW,1997/7/14,187,78
柏,古澤　ナベル慈宇,FW,2003/3/28,182,86
FC東京,田中　颯,GK,1999/6/10,184,79
FC東京,小林　将天,GK,2005/9/20,191,87
FC東京,渡邊　麻舟,GK,2008/4/24,186,85
FC東京,新堀　恵太,GK,2008/9/25,191,84
FC東京,後藤　亘,GK,2006/5/8,193,85
FC東京,キム　スンギュ,GK,1990/9/30,189,83
FC東京,室屋　成,DF,1994/4/5,176,70
FC東京,森重　真人,DF,1987/5/21,183,80
FC東京,木本　恭生,DF,1993/8/6,184,78
FC東京,長友　佑都,DF,1986/9/12,170,68
FC東京,バングーナガンデ　佳史扶,DF,2001/9/24,176,74
FC東京,大森　理生,DF,2002/7/21,186,82
FC東京,稲村　隼翔,DF,2002/5/6,182,72
FC東京,アレクサンダー　ショルツ,DF,1992/10/24,189,84
FC東京,土肥　幹太,DF,2004/11/10,186,78
FC東京,橋本　健人,DF,1999/12/8,173,68
FC東京,鈴木　楓,DF,2007/6/5,180,78
FC東京,東　廉太,DF,2004/6/17,190,84
FC東京,高　宇洋,MF,1998/4/20,172,69
FC東京,東　慶悟,MF,1990/7/20,178,72
FC東京,橋本　拳人,MF,1993/8/16,183,74
FC東京,菅原　悠太,MF,2007/9/7,173,67
FC東京,遠藤　渓太,MF,1997/11/22,176,73
FC東京,佐藤　龍之介,MF,2006/10/16,171,65
FC東京,常盤　亨太,MF,2002/4/9,173,69
FC東京,俵積田　晃太,MF,2004/5/14,175,73
FC東京,小泉　慶,MF,1995/4/19,171,70
FC東京,田中　希和,MF,2007/8/7,172,66
FC東京,荒井　悠汰,MF,2004/6/13,175,71
FC東京,山田　楓喜,MF,2001/7/10,181,73
FC東京,北原　槙,MF,2009/7/7,175,68
FC東京,マルセロ　ヒアン,FW,2002/6/8,189,86
FC東京,小柏　剛,FW,1998/7/9,167,67
FC東京,佐藤　恵允,FW,2001/7/11,179,77
FC東京,小湊　絆,FW,2004/11/18,178,76
FC東京,長倉　幹樹,FW,1999/10/7,177,71
FC東京,野澤　零温,FW,2003/7/21,174,69
FC東京,仲川　輝人,FW,1992/7/27,161,58
FC東京,尾谷　ディヴァインチネドゥ,FW,2007/5/4,191,86
東京Ｖ,マテウス,GK,1993/4/10,190,80
東京Ｖ,長沢　祐弥,GK,1996/7/1,185,85
東京Ｖ,馬渡　洋樹,GK,1994/8/16,187,82
東京Ｖ,中村　圭佑,GK,2005/4/27,187,85
東京Ｖ,林　尚輝,DF,1998/6/9,182,79
東京Ｖ,井上　竜太,DF,2000/7/25,186,85
東京Ｖ,宮原　和也,DF,1996/3/22,172,68
東京Ｖ,鈴木　海音,DF,2002/8/25,182,72
東京Ｖ,内田　陽介,DF,2002/8/20,167,65
東京Ｖ,深澤　大輝,DF,1998/8/21,174,70
東京Ｖ,佐古　真礼,DF,2002/12/2,193,88
東京Ｖ,田邉　秀斗,DF,2002/5/5,181,74
東京Ｖ,松田　陸,DF,1999/5/3,176,70
東京Ｖ,吉田　泰授,DF,2000/4/21,174,67
東京Ｖ,松橋　優安,MF,2001/10/27,174,66
東京Ｖ,齋藤　功佑,MF,1997/6/16,172,63
東京Ｖ,森田　晃樹,MF,2000/8/8,167,63
東京Ｖ,福田　湧矢,MF,1999/4/4,174,65
東京Ｖ,平川　怜,MF,2000/4/20,177,72
東京Ｖ,稲見　哲行,MF,1999/4/5,178,75
東京Ｖ,仲山　獅恩,MF,2007/10/16,170,61
東京Ｖ,山本　丈偉,MF,2006/5/18,187,75
東京Ｖ,川村　楽人,MF,2006/4/6,178,72
東京Ｖ,新井　悠太,MF,2003/3/24,166,65
東京Ｖ,今井　健人,MF,2007/10/31,173,63
東京Ｖ,染野　唯月,FW,2001/9/12,181,73
東京Ｖ,山見　大登,FW,1999/8/16,166,64
東京Ｖ,山田　剛綺,FW,2000/9/19,170,65
東京Ｖ,熊取谷　一星,FW,2003/2/14,166,62
東京Ｖ,白井　亮丞,FW,2005/5/17,185,77
東京Ｖ,寺沼　星文,FW,2001/3/8,188,88
東京Ｖ,大藤　颯太,FW,2007/8/7,190,82
東京Ｖ,平尾　勇人,FW,2005/1/6,178,76
町田,谷　晃生,GK,2000/11/22,187,84
町田,守田　達弥,GK,1990/8/3,191,87
町田,カウン　ゼン　マラ,GK,2002/11/11,190,86
町田,新井　栄聡,GK,1995/9/27,189,85
町田,今井　智基,DF,1990/11/29,178,78
町田,昌子　源,DF,1992/12/11,182,76
町田,菊池　流帆,DF,1996/12/9,188,80
町田,ドレシェヴィッチ,DF,1997/1/24,186,84
町田,望月　ヘンリー海輝,DF,2001/9/20,192,81
町田,中山　雄太,DF,1997/2/16,181,76
町田,キム　ミンテ,DF,1993/11/26,187,84
町田,林　幸多郎,DF,2000/11/16,170,70
町田,西川　楓人,DF,2004/4/28,185,76
町田,岡村　大八,DF,1997/2/15,183,85
町田,中村　帆高,DF,1997/8/12,177,72
町田,仙頭　啓矢,MF,1994/12/29,171,64
町田,増山　朝陽,MF,1997/1/29,173,72
町田,前　寛之,MF,1995/8/1,173,70
町田,下田　北斗,MF,1991/11/7,171,66
町田,白崎　凌兵,MF,1993/5/18,181,70
町田,チャ　ジェフン,MF,2006/5/3,185,72
町田,ネタ　ラヴィ,MF,1996/8/25,177,76
町田,高崎　天史郎,MF,2006/2/13,172,60
町田,バスケス　バイロン,MF,2000/5/16,174,71
町田,真也加　チュイ　大夢,MF,2006/8/11,167,63
町田,相馬　勇紀,FW,1997/2/25,166,68
町田,藤尾　翔太,FW,2001/5/2,184,79
町田,ナ　サンホ,FW,1996/8/12,173,70
町田,西村　拓真,FW,1996/10/22,178,73
町田,沼田　駿也,FW,1999/4/19,173,67
町田,エリキ,FW,1994/7/18,170,65
町田,徳村　楓大,FW,2007/11/26,168,63
町田,桑山　侃士,FW,2002/11/28,184,80
町田,テテ　イェンギ,FW,2000/11/28,197,83
川崎Ｆ,山口　瑠伊,GK,1998/5/28,187,80
川崎Ｆ,早坂　勇希,GK,1999/5/22,184,83
川崎Ｆ,イ　クンヒョン,GK,2006/5/22,194,86
川崎Ｆ,スベンド　ブローダーセン,GK,1997/3/22,188,87
川崎Ｆ,松長根　悠仁,DF,2004/9/14,180,77
川崎Ｆ,谷口　栄斗,DF,1999/9/30,181,77
川崎Ｆ,佐々木　旭,DF,2000/1/26,180,76
川崎Ｆ,三浦　颯太,DF,2000/9/7,178,74
川崎Ｆ,フィリップ　ウレモヴィッチ,DF,1997/2/11,184,81
川崎Ｆ,神橋　良汰,DF,2002/6/16,193,92
川崎Ｆ,丸山　祐市,DF,1989/6/16,184,77
川崎Ｆ,山原　怜音,DF,1999/6/8,165,68
川崎Ｆ,野田　裕人,DF,2006/4/5,172,67
川崎Ｆ,関　德晴,DF,2007/4/11,186,74
川崎Ｆ,林　駿佑,DF,2007/5/29,181,75
川崎Ｆ,山本　悠樹,MF,1997/11/6,173,71
川崎Ｆ,橘田　健人,MF,1998/5/29,169,68
川崎Ｆ,大島　僚太,MF,1993/1/23,168,66
川崎Ｆ,脇坂　泰斗,MF,1995/6/11,173,69
川崎Ｆ,名願　斗哉,MF,2004/6/29,178,70
川崎Ｆ,大関　友翔,MF,2005/2/6,178,67
川崎Ｆ,紺野　和也,MF,1997/7/11,161,59
川崎Ｆ,河原　創,MF,1998/3/13,169,65
川崎Ｆ,山市　秀翔,MF,2004/1/20,170,68
川崎Ｆ,由井　航太,MF,2005/6/10,180,70
川崎Ｆ,長　璃喜,MF,2007/10/13,168,64
川崎Ｆ,家長　昭博,MF,1986/6/13,175,72
川崎Ｆ,エリソン,FW,1999/4/13,180,83
川崎Ｆ,小林　悠,FW,1987/9/23,177,72
川崎Ｆ,伊藤　達哉,FW,1997/6/26,167,65
川崎Ｆ,持山　匡佑,FW,2003/8/18,180,71
川崎Ｆ,マルシーニョ,FW,1995/5/16,173,64
川崎Ｆ,宮城　天,FW,2001/6/2,177,70
川崎Ｆ,神田　奏真,FW,2005/12/29,178,73
川崎Ｆ,ラザル　ロマニッチ,FW,1998/3/25,183,81
横浜FM,朴　一圭,GK,1989/12/22,180,74
横浜FM,坪井　湧也,GK,1999/8/23,183,75
横浜FM,飯倉　大樹,GK,1986/6/1,181,75
横浜FM,木村　凌也,GK,2003/6/10,188,83
横浜FM,加藤　蓮,DF,1999/12/28,176,72
横浜FM,井上　太聖,DF,2002/10/1,184,83
横浜FM,渡邊　泰基,DF,1999/4/22,181,80
横浜FM,ジェイソン　キニョーネス,DF,1997/8/17,185,82
横浜FM,角田　涼太朗,DF,1999/6/27,185,80
横浜FM,松原　健,DF,1993/2/16,180,77
横浜FM,諏訪間　幸成,DF,2003/6/6,186,85
横浜FM,関富　貫太,DF,2005/10/23,177,75
横浜FM,トーマス　デン,DF,1997/3/20,182,79
横浜FM,村上　慶,DF,2007/4/11,181,72
横浜FM,渡辺　皓太,MF,1998/10/18,166,66
横浜FM,喜田　拓也,MF,1994/8/23,170,65
横浜FM,鈴木　冬一,MF,2000/5/30,165,62
横浜FM,山根　陸,MF,2003/8/17,174,70
横浜FM,樋口　有斗,MF,2005/3/10,174,65
横浜FM,田中　雄大,MF,2002/10/11,175,72
横浜FM,木村　卓斗,MF,2000/5/16,170,72
横浜FM,天野　純,MF,1991/7/19,175,67
横浜FM,松村　晃助,MF,2004/5/2,170,63
横浜FM,三井寺　眞,MF,2010/4/2,174,65
横浜FM,遠野　大弥,FW,1999/3/14,166,66
横浜FM,谷村　海那,FW,1998/3/5,183,81
横浜FM,ジョルディ　クルークス,FW,1994/1/15,173,70
横浜FM,オナイウ　情滋,FW,2000/11/11,168,67
横浜FM,テヴィス,FW,2006/1/28,179,77
横浜FM,宮市　亮,FW,1992/12/14,183,79
横浜FM,近藤　友喜,FW,2001/3/21,174,68
横浜FM,ディーン　デイビッド,FW,1996/3/14,184,75
横浜FM,ユーリ　アラウージョ,FW,1996/4/13,170,72
横浜FM,高橋　輝,FW,2004/6/26,176,68
横浜FM,浅田　大翔,FW,2008/1/16,180,77
清水,沖　悠哉,GK,1999/8/22,186,83
清水,梅田　透吾,GK,2000/7/23,184,79
清水,石川　慧,GK,1992/9/30,185,83
清水,佐々木　智太郎,GK,2007/3/23,188,75
清水,高橋　祐治,DF,1993/4/11,187,83
清水,蓮川　壮大,DF,1998/6/27,182,82
清水,北爪　健吾,DF,1992/4/30,178,73
清水,パク　スンウク,DF,1997/5/7,184,78
清水,本多　勇喜,DF,1991/1/2,173,69
清水,オム　ジュヨン,DF,2007/7/17,185,73
清水,マテウス　ブルネッティ,DF,1999/11/18,180,77
清水,吉田　豊,DF,1990/2/17,167,72
清水,日髙　華杜,DF,2003/12/11,176,71
清水,住吉　ジェラニレショーン,DF,1997/10/5,183,84
清水,高木　践,DF,2002/3/14,173,70
清水,宇野　禅斗,MF,2003/11/20,175,75
清水,カピシャーバ,MF,1997/1/9,170,64
清水,井上　健太,MF,1998/7/23,172,72
清水,マテウス　ブエノ,MF,1998/7/30,178,79
清水,中原　輝,MF,1996/7/8,169,68
清水,弓場　将輝,MF,2002/5/13,175,72
清水,松崎　快,MF,1997/11/22,172,70
清水,針生　涼太,MF,2008/3/7,174,66
清水,土居　佑至,MF,2007/5/12,168,63
清水,鈴木　奎吾,MF,2003/7/13,175,69
清水,西原　源樹,MF,2006/12/16,180,74
清水,嶋本　悠大,MF,2006/10/26,180,73
清水,小塚　和季,MF,1994/8/2,173,68
清水,大畑　凜生,MF,2003/11/23,177,74
清水,オ　セフン,FW,1999/1/15,194,93
清水,郡司　璃来,FW,2005/8/3,176,72
清水,千葉　寛汰,FW,2003/6/17,178,74
清水,アフメド　アフメドフ,FW,1995/3/4,184,77
清水,髙橋　利樹,FW,1998/1/20,182,76
清水,北川　航也,FW,1996/7/26,180,76
清水,アルフレド　ステファンス,FW,1994/12/25,181,77
名古屋,シュミット　ダニエル,GK,1992/2/3,197,91
名古屋,武田　洋平,GK,1987/6/30,189,84
名古屋,ピサノ　アレックス幸冬堀尾,GK,2006/1/10,197,93
名古屋,萩　裕陽,GK,2007/6/12,189,87
名古屋,野上　結貴,DF,1991/4/20,180,72
名古屋,佐藤　瑶大,DF,1998/9/10,184,77
名古屋,河面　旺成,DF,1994/5/3,184,80
名古屋,藤井　陽也,DF,2000/12/26,188,83
名古屋,三國　ケネディエブス,DF,2000/6/23,193,85
名古屋,久保　遥夢,DF,2007/6/18,184,73
名古屋,森　壮一朗,DF,2007/6/29,180,70
名古屋,徳元　悠平,DF,1995/9/12,171,72
名古屋,原　輝綺,DF,1998/7/30,180,72
名古屋,和泉　竜司,MF,1993/11/6,173,71
名古屋,浅野　雄也,MF,1997/2/17,172,70
名古屋,森島　司,MF,1997/4/25,175,67
名古屋,稲垣　祥,MF,1991/12/25,176,72
名古屋,内田　宅哉,MF,1998/6/2,177,71
名古屋,甲田　英將,MF,2003/10/2,168,65
名古屋,中山　克広,MF,1996/7/17,180,70
名古屋,吉田　温紀,MF,2003/4/29,182,76
名古屋,高嶺　朋樹,MF,1997/12/29,178,75
名古屋,鈴木　陽人,MF,2005/5/17,165,65
名古屋,菊地　泰智,MF,1999/5/7,160,60
名古屋,小野　雅史,MF,1996/8/9,172,68
名古屋,小屋松　知哉,MF,1995/4/24,171,70
名古屋,山中　亮輔,MF,1993/4/20,174,71
名古屋,マテウス　カストロ,FW,1994/9/11,167,71
名古屋,山岸　祐也,FW,1993/8/29,183,80
名古屋,永井　謙佑,FW,1989/3/5,177,72
名古屋,木村　勇大,FW,2001/2/28,185,84
名古屋,マルクス　ヴィニシウス,FW,1998/1/24,176,82
名古屋,榊原　杏太,FW,2001/10/20,168,62
名古屋,杉浦　駿吾,FW,2006/5/14,174,70
京都,太田　岳志,GK,1990/12/26,190,86
京都,圍　謙太朗,GK,1991/4/23,190,93
京都,ファンティーニ　燦,GK,1998/5/24,180,82
京都,村上　昌謙,GK,1992/8/7,185,85
京都,福田　心之助,DF,2000/9/4,174,68
京都,麻田　将吾,DF,1998/7/6,186,82
京都,アピアタウィア　久,DF,1998/10/18,192,85
京都,永田　倖大,DF,2002/9/8,180,79
京都,須貝　英大,DF,1998/10/27,172,67
京都,山本　楓大,DF,2004/8/23,176,73
京都,エンリケ　トレヴィザン,DF,1997/1/20,185,78
京都,石田　侑資,DF,2002/11/11,176,76
京都,鈴木　義宜,DF,1992/9/11,184,72
京都,ジョアン　ペドロ,MF,1999/9/3,185,72
京都,奥川　雅也,MF,1996/4/14,177,67
京都,米本　拓司,MF,1990/12/3,177,72
京都,福岡　慎平,MF,2000/6/27,170,68
京都,平岡　大陽,MF,2002/9/14,173,66
京都,松田　天馬,MF,1995/6/11,163,63
京都,尹　星俊,MF,2007/5/4,170,67
京都,齊藤　未月,MF,1999/1/10,166,66
京都,平戸　太貴,MF,1997/4/18,178,72
京都,立川　遼翔,MF,2007/2/20,183,70
京都,佐藤　響,MF,2000/3/21,168,68
京都,中野　瑠馬,MF,2002/10/6,169,64
京都,新井　晴樹,MF,1998/4/12,170,70
京都,グスタボ　バヘット,MF,1995/12/10,181,78
京都,本田　風智,MF,2001/5/10,170,70
京都,ラファエル　エリアス,FW,1999/4/12,182,76
京都,マルコ　トゥーリオ,FW,1998/3/13,177,75
京都,アレックス　ソウザ,FW,2001/3/24,180,73
京都,デイビッジ　シルバ,FW,2008/2/26,186,86
京都,酒井　滉生,FW,2007/10/7,171,67
京都,長沢　駿,FW,1988/8/25,192,79
Ｇ大阪,東口　順昭,GK,1986/5/12,184,78
Ｇ大阪,荒木　琉偉,GK,2007/10/14,194,85
Ｇ大阪,一森　純,GK,1991/7/2,182,77
Ｇ大阪,張　奥林,GK,2005/4/25,194,80
Ｇ大阪,野畑　優真,GK,2008/7/13,186,72
Ｇ大阪,福岡　将太,DF,1995/10/24,180,73
Ｇ大阪,半田　陸,DF,2002/1/1,176,70
Ｇ大阪,中谷　進之介,DF,1996/3/24,182,77
Ｇ大阪,三浦　弦太,DF,1995/3/1,183,77
Ｇ大阪,岸本　武流,DF,1997/7/16,174,66
Ｇ大阪,池谷　銀姿郎,DF,2004/6/19,180,79
Ｇ大阪,初瀬　亮,DF,1997/7/10,180,70
Ｇ大阪,フィリップ　マックス,DF,1993/9/30,178,75
Ｇ大阪,横井　佑弥,DF,2008/4/15,186,79
Ｇ大阪,丸岡　海太,DF,2008/12/3,180,70
Ｇ大阪,中野　伸哉,DF,2003/8/17,173,64
Ｇ大阪,佐々木　翔悟,DF,2000/7/25,183,75
Ｇ大阪,倉田　秋,MF,1988/11/26,172,68
Ｇ大阪,安部　柊斗,MF,1997/12/5,171,66
Ｇ大阪,鈴木　徳真,MF,1997/3/12,168,64
Ｇ大阪,美藤　倫,MF,2002/2/12,180,67
Ｇ大阪,吉原　優輝,MF,2004/7/19,178,67
Ｇ大阪,當野　泰生,MF,2007/6/2,173,64
Ｇ大阪,山本　天翔,MF,2007/8/24,177,72
Ｇ大阪,名和田　我空,MF,2006/7/29,169,63
Ｇ大阪,中村　仁郎,MF,2003/8/22,165,59
Ｇ大阪,奥抜　侃志,MF,1999/8/11,171,61
Ｇ大阪,村田　康輔,MF,2008/5/22,177,62
Ｇ大阪,藤本　祥輝,MF,2009/4/2,169,59
Ｇ大阪,宇佐美　貴史,FW,1992/5/6,178,69
Ｇ大阪,食野　亮太郎,FW,1998/6/18,171,68
Ｇ大阪,林　大地,FW,1997/5/23,178,74
Ｇ大阪,イッサム　ジェバリ,FW,1991/12/25,186,84
Ｇ大阪,山下　諒也,FW,1997/10/19,164,54
Ｇ大阪,デニス　ヒュメット,FW,1996/9/13,189,82
Ｇ大阪,中積　爲,FW,2007/12/19,172,65
Ｇ大阪,唐山　翔自,FW,2002/9/21,180,72
Ｇ大阪,南野　遥海,FW,2004/5/13,176,71
Ｇ大阪,植中　朝日,FW,2001/11/1,179,75
Ｇ大阪,ウェルトン,FW,1997/8/6,175,80
Ｃ大阪,福井　光輝,GK,1995/11/4,184,78
Ｃ大阪,キム　ジンヒョン,GK,1987/7/6,192,82
Ｃ大阪,中村　航輔,GK,1995/2/27,185,82
Ｃ大阪,イシボウ　拳,GK,2007/8/29,195,82
Ｃ大阪,中村　拓海,DF,2001/3/16,179,70
Ｃ大阪,田中　隼人,DF,2003/11/1,188,82
Ｃ大阪,井上　黎生人,DF,1997/3/9,180,77
Ｃ大阪,登里　享平,DF,1990/11/13,168,68
Ｃ大阪,奥田　勇斗,DF,2001/4/21,174,71
Ｃ大阪,ディオン　クールズ,DF,1996/6/4,185,77
Ｃ大阪,エゼモクェ　チメヅェ海,DF,2009/4/2,183,82
Ｃ大阪,畠中　槙之輔,DF,1995/8/25,185,83
Ｃ大阪,大畑　歩夢,DF,2001/4/27,168,65
Ｃ大阪,鷹啄　トラビス,DF,2001/9/17,187,86
Ｃ大阪,喜田　陽,MF,2000/7/4,171,59
Ｃ大阪,上門　知樹,MF,1997/4/27,166,61
Ｃ大阪,香川　真司,MF,1989/3/17,175,68
Ｃ大阪,田中　駿汰,MF,1997/5/26,183,73
Ｃ大阪,横山　夢樹,MF,2005/9/23,172,67
Ｃ大阪,阪田　澪哉,MF,2004/5/11,170,64
Ｃ大阪,石渡　ネルソン,MF,2005/5/10,185,71
Ｃ大阪,本間　至恩,MF,2000/8/9,164,60
Ｃ大阪,久保　瑛史,MF,2007/9/2,180,73
Ｃ大阪,大迫　塁,MF,2004/10/13,177,69
Ｃ大阪,吉野　恭平,MF,1994/11/8,182,75
Ｃ大阪,塩尻　哲平,MF,2008/4/14,172,67
Ｃ大阪,柴山　昌也,MF,2002/7/2,161,59
Ｃ大阪,ルーカス　フェルナンデス,MF,1994/4/24,174,66
Ｃ大阪,櫻川　ソロモン,FW,2001/8/4,191,94
Ｃ大阪,チアゴ　アンドラーデ,FW,2000/10/31,180,68
Ｃ大阪,中島　元彦,FW,1999/4/18,171,71
Ｃ大阪,金本　毅騎,FW,2004/7/30,184,78
Ｃ大阪,永添　功樹,FW,2009/4/2,171,69
Ｃ大阪,イェンギ　クシニ,FW,1999/1/15,190,93
神戸,前川　黛也,GK,1994/9/8,191,86
神戸,新井　章太,GK,1988/11/1,185,85
神戸,ウボングリチャードマンデー,GK,2005/10/1,194,84
神戸,髙山　汐生,GK,2001/6/13,190,83
神戸,権田　修一,GK,1989/3/3,187,84
神戸,マテウス　トゥーレル,DF,1999/3/10,186,86
神戸,山川　哲史,DF,1997/10/1,186,79
神戸,ジエゴ,DF,1995/9/21,183,78
神戸,カエターノ,DF,1999/6/24,182,80
神戸,広瀬　陸斗,DF,1995/9/23,176,68
神戸,酒井　高徳,DF,1991/3/14,176,74
神戸,岩波　拓也,DF,1994/6/18,186,72
神戸,永戸　勝也,DF,1995/1/15,173,72
神戸,本間　ジャスティン,DF,2005/8/26,181,79
神戸,山田　海斗,DF,2006/8/31,192,70
神戸,入江　羚介,DF,2004/11/5,183,76
神戸,ンドカ　ボニフェイス,DF,1996/2/15,183,89
神戸,飯野　七聖,MF,1996/10/2,173,65
神戸,郷家　友太,MF,1999/6/10,183,74
神戸,扇原　貴宏,MF,1991/10/5,185,74
神戸,井手口　陽介,MF,1996/8/23,171,71
神戸,乾　貴士,MF,1988/6/2,169,63
神戸,井出　遥也,MF,1994/3/25,171,66
神戸,鍬先　祐弥,MF,1998/5/15,175,72
神戸,濱﨑　健斗,MF,2007/6/16,165,60
神戸,山内　翔,MF,2002/1/6,177,74
神戸,橋本　陸斗,MF,2005/4/2,170,69
神戸,浦　十藏,MF,2004/5/21,169,62
神戸,日髙　光揮,MF,2003/5/11,177,72
神戸,瀬口　大翔,MF,2008/1/10,176,71
神戸,大西　湊太,MF,2007/4/12,172,63
神戸,浅田　連,MF,2010/6/10,171,63
神戸,花元　誉絆,MF,2010/11/1,166,61
神戸,里見　汰福,MF,2009/4/20,171,73
神戸,大迫　勇也,FW,1990/5/18,184,75
神戸,武藤　嘉紀,FW,1992/7/15,179,72
神戸,佐々木　大樹,FW,1999/9/17,180,77
神戸,満田　誠,FW,1999/7/20,170,63
神戸,ジェアン　パトリッキ,FW,1997/5/14,175,70
神戸,小松　蓮,FW,1998/9/10,183,77
神戸,冨永　虹七,FW,2004/7/18,176,73
神戸,内野　航太郎,FW,2004/6/19,186,78
神戸,相澤　デイビッド,FW,2003/8/2,195,94
神戸,伊藤　湊太,FW,2007/9/24,186,75
神戸,渡辺　隼斗,FW,2007/4/6,179,78
神戸,宮原　勇太,FW,2005/4/7,174,71
神戸,川端　彪英,FW,2008/4/4,178,73
岡山,レナート　モーザー,GK,1999/12/6,196,93
岡山,松田　駿,GK,2007/5/22,185,73
岡山,濵田　太郎,GK,2000/2/21,189,90
岡山,川浪　吾郎,GK,1991/4/30,192,85
岡山,工藤　孝太,DF,2003/8/13,180,77
岡山,阿部　海大,DF,1999/9/18,183,80
岡山,大森　博,DF,2002/9/10,188,82
岡山,田上　大地,DF,1993/6/16,180,79
岡山,本山　遥,DF,1999/6/5,172,71
岡山,千田　遼,DF,2007/9/20,174,69
岡山,鈴木　喜丈,DF,1998/7/6,183,80
岡山,立田　悠悟,DF,1998/6/21,191,83
岡山,白井　康介,DF,1994/5/1,166,63
岡山,藤井　葉大,DF,2006/1/16,180,78
岡山,藤井　海和,MF,2003/2/15,173,71
岡山,小倉　幸成,MF,2005/4/9,167,67
岡山,竹内　涼,MF,1991/3/8,173,67
岡山,江坂　任,MF,1992/5/31,175,67
岡山,田部井　涼,MF,1999/6/25,172,68
岡山,末吉　塁,MF,1996/7/26,166,64
岡山,藤田　息吹,MF,1991/1/30,170,68
岡山,木村　太哉,MF,1998/7/8,175,71
岡山,松本　昌也,MF,1995/1/25,175,69
岡山,バイゴリア　ユウト,MF,2006/8/18,172,71
岡山,神谷　優太,MF,1997/4/24,174,67
岡山,宮本　英治,MF,1998/8/3,173,69
岡山,ブラウン　ノア　賢信,MF,2001/5/27,189,80
岡山,西川　潤,MF,2002/2/21,180,70
岡山,山根　永遠,MF,1999/2/5,167,73
岡山,レオ　ガウショ,FW,2001/8/3,187,81
岡山,一美　和成,FW,1997/11/10,182,81
岡山,末宗　寛士郎,FW,2007/6/10,174,65
岡山,髙橋　旺良,FW,2006/3/1,183,75
岡山,河野　孝汰,FW,2003/8/12,177,73
岡山,ウェリック　ポポ,FW,2001/10/17,190,94
岡山,ルカオ,FW,1995/9/22,191,96
広島,大迫　敬介,GK,1999/7/28,190,88
広島,田中　雄大,GK,1995/11/17,187,78
広島,ヒル　袈依廉,GK,2002/7/9,194,92
広島,小川　煌,GK,2007/6/24,192,79
広島,大内　一生,GK,2000/9/8,186,82
広島,山﨑　大地,DF,2001/1/8,184,82
広島,荒木　隼人,DF,1996/8/7,186,78
広島,新井　直人,DF,1996/10/7,173,73
広島,中野　就斗,DF,2000/6/27,183,83
広島,志知　孝明,DF,1993/12/27,177,70
広島,佐々木　翔,DF,1989/10/2,177,70
広島,塩谷　司,DF,1988/12/5,182,81
広島,キム　ジュソン,DF,2000/12/12,189,83
広島,森井　莉人,DF,2009/1/17,194,71
広島,太田　大翔,DF,2008/4/8,182,67
広島,川辺　駿,MF,1995/9/8,180,72
広島,松本　泰志,MF,1998/8/22,180,70
広島,菅　大輝,MF,1998/9/10,171,78
広島,東　俊希,MF,2000/7/28,180,70
広島,茶島　雄介,MF,1991/7/20,166,60
広島,トルガイ　アルスラン,MF,1990/8/16,180,78
広島,越道　草太,MF,2004/4/3,181,75
広島,中島　洋太朗,MF,2006/4/22,175,68
広島,小原　基樹,MF,2000/3/9,170,63
広島,小林　志紋,MF,2008/1/23,167,60
広島,野口　蓮斗,MF,2008/4/20,171,61
広島,ジャーメイン　良,FW,1995/4/19,182,82
広島,鈴木　章斗,FW,2003/7/30,180,76
広島,加藤　陸次樹,FW,1997/8/6,180,72
広島,木下　康介,FW,1994/10/3,190,85
広島,鮎川　峻,FW,2001/9/15,165,65
広島,中村　草太,FW,2002/10/15,168,64
広島,前田　直輝,FW,1994/11/17,177,72
広島,髙橋　成海,FW,2009/5/17,187,75
福岡,松山　健太,GK,1998/11/17,189,85
福岡,小畑　裕馬,GK,2001/11/7,185,80
福岡,藤田　和輝,GK,2001/2/19,186,85
福岡,オビ　パウエル　オビンナ,GK,1997/12/18,193,87
福岡,湯澤　聖人,DF,1993/10/10,180,74
福岡,奈良　竜樹,DF,1993/9/19,180,74
福岡,上島　拓巳,DF,1997/2/5,186,86
福岡,辻岡　佑真,DF,2001/12/9,183,83
福岡,岡　哲平,DF,2001/9/6,186,83
福岡,キム　ムンヒョン,DF,2002/5/17,185,76
福岡,前嶋　洋太,DF,1997/8/12,178,67
福岡,山脇　樺織,DF,2000/12/17,179,71
福岡,田代　雅也,DF,1993/5/1,185,80
福岡,池田　樹雷人,DF,1996/9/17,186,82
福岡,宮　大樹,DF,1996/4/1,186,82
福岡,橋本　悠,DF,2002/6/7,171,64
福岡,坂井　悠飛,DF,2004/10/5,180,77
福岡,藤川　虎三,DF,2008/7/29,183,82
福岡,重見　柾斗,MF,2001/9/20,171,64
福岡,奥野　耕平,MF,2000/4/3,176,68
福岡,見木　友哉,MF,1998/3/28,172,67
福岡,名古　新太郎,MF,1996/4/17,168,64
福岡,秋野　央樹,MF,1994/10/8,176,68
福岡,北島　祐二,MF,2000/8/4,169,67
福岡,椎橋　慧也,MF,1997/6/20,178,75
福岡,福島　和毅,MF,2007/4/27,162,61
福岡,武本　匠平,MF,2008/5/26,176,72
福岡,前田　陽輝,MF,2008/10/25,171,71
福岡,前田　快,MF,2004/7/1,177,71
福岡,碓井　聖生,FW,2001/7/20,183,75
福岡,シャハブ　ザヘディ,FW,1995/8/18,187,78
福岡,城後　寿,FW,1986/4/16,183,77
福岡,ナッシム　ベン　カリファ,FW,1992/1/13,184,80
福岡,佐藤　颯之介,FW,2003/7/6,175,70
福岡,藤本　一輝,FW,1998/7/29,180,70
福岡,道脇　豊,FW,2006/4/5,190,78
福岡,鶴野　怜樹,FW,2001/1/26,168,62
福岡,サニブラウン　ハナン,FW,2006/7/3,187,80
福岡,前田　一翔,FW,2006/6/16,175,76
福岡,北浜　琉星,FW,2004/7/15,180,75
長崎,後藤　雅明,GK,1994/5/24,191,83
長崎,波多野　豪,GK,1998/5/25,198,100
長崎,井岡　海都,GK,1998/4/27,186,79
長崎,ルカ　ラドティッチ,GK,2000/7/17,199,93
長崎,関口　正大,DF,1998/4/21,172,66
長崎,エドゥアルド,DF,1993/4/27,184,84
長崎,江川　湧清,DF,2000/10/24,175,67
長崎,高畑　奎汰,DF,2000/9/16,176,68
長崎,米田　隼也,DF,1995/11/5,175,72
長崎,櫛引　一紀,DF,1993/2/12,182,82
長崎,新井　一耀,DF,1993/11/8,186,81
長崎,佐々木　奈琉,DF,2003/7/13,170,62
長崎,ノ　ヒョンジュン,DF,2007/7/19,180,79
長崎,照山　颯人,DF,2000/8/28,184,75
長崎,進藤　亮佑,DF,1996/6/7,183,74
長崎,山口　蛍,MF,1990/10/6,173,72
長崎,岩崎　悠人,MF,1998/6/11,173,72
長崎,マテウス　ジェズス,MF,1997/4/10,187,80
長崎,名倉　巧,MF,1998/6/3,168,61
長崎,エメルソン,MF,1999/7/27,174,69
長崎,澤田　崇,MF,1991/5/26,170,63
長崎,中村　慶太,MF,1993/6/30,178,73
長崎,ディエゴ　ピトゥカ,MF,1992/8/15,178,72
長崎,翁長　聖,MF,1995/2/23,171,68
長崎,山田　陸,MF,1998/4/15,175,77
長崎,笠柳　翼,MF,2003/6/24,175,63
長崎,松本　天夢,MF,2002/9/28,169,59
長崎,長谷川　元希,MF,1998/12/10,177,70
長崎,鍋島　暖歩,MF,2004/2/21,168,62
長崎,チアゴ　サンタナ,FW,1993/2/4,184,80
長崎,ノーマン　キャンベル,FW,1999/11/24,175,71
長崎,山﨑　凌吾,FW,1992/9/20,187,82
長崎,洪　怜鎭,FW,2003/8/26,176,73
札幌,菅野　孝憲,GK,1984/5/3,179,75
札幌,田川　知樹,GK,2002/9/18,180,78
札幌,唯野　鶴眞,GK,2007/5/28,193,90
札幌,高木　駿,GK,1989/5/22,181,76
札幌,髙尾　瑠,DF,1996/11/9,181,67
札幌,パク　ミンギュ,DF,1995/8/10,177,67
札幌,中村　桐耶,DF,2000/7/23,186,78
札幌,福森　晃斗,DF,1992/12/16,183,81
札幌,家泉　怜依,DF,2000/1/20,185,85
札幌,内田　瑞己,DF,1999/9/11,170,71
札幌,大﨑　玲央,DF,1991/8/7,187,82
札幌,岡田　大和,DF,2001/6/17,180,78
札幌,徳差　優利,DF,2008/10/2,174,69
札幌,川原　颯斗,DF,2003/10/2,175,67
札幌,西野　奨太,DF,2004/5/28,181,79
札幌,浦上　仁騎,DF,1996/11/11,178,76
札幌,梅津　龍之介,DF,2004/6/30,182,75
札幌,大澤　忠臣,DF,2009/2/28,180,75
札幌,スパチョーク,MF,1998/5/22,169,66
札幌,宮澤　裕樹,MF,1989/6/28,182,76
札幌,青木　亮太,MF,1996/3/6,174,72
札幌,堀米　勇輝,MF,1992/12/13,168,63
札幌,田中　克幸,MF,2002/3/15,175,70
札幌,長谷川　竜也,MF,1994/3/7,164,60
札幌,木戸　柊摩,MF,2003/1/2,170,63
札幌,ティラパット,MF,2007/2/17,175,65
札幌,荒野　拓馬,MF,1993/4/20,180,76
札幌,田中　宏武,MF,1999/4/15,174,68
札幌,堀米　悠斗,MF,1994/9/9,168,67
札幌,原　康介,MF,2005/8/3,170,65
札幌,笹原　悠,MF,2008/9/20,172,67
札幌,渋谷　優里,MF,2008/12/9,171,67
札幌,多田　蒼生,MF,2008/12/25,179,71
札幌,マリオ　セルジオ,FW,1995/9/2,181,75
札幌,アマドゥ　バカヨコ,FW,1996/1/1,190,80
札幌,キングロード　サフォ,FW,2002/1/9,178,84
札幌,大森　真吾,FW,2001/2/9,181,77
札幌,佐藤　陽成,FW,2003/9/3,170,64
札幌,白井　陽斗,FW,1999/10/23,172,63
八戸,吉村　耕一,GK,2003/6/20,187,81
八戸,大西　勝俉,GK,1990/7/29,184,90
八戸,谷口　裕介,GK,1995/8/11,185,81
八戸,平松　航,DF,2000/5/9,182,74
八戸,澤田　雄大,DF,1999/4/17,182,78
八戸,鈴木　慎之介,DF,2003/5/7,180,76
八戸,稲積　大介,DF,1997/5/8,172,68
八戸,雪江　悠人,DF,1996/6/9,175,75
八戸,速水　修平,DF,2000/11/11,182,78
八戸,本多　康太郎,DF,2006/5/20,188,82
八戸,白井　陽貴,DF,2000/10/5,182,77
八戸,鵜木　郁哉,MF,2001/7/4,168,66
八戸,佐藤　碧,MF,1997/9/25,171,63
八戸,音泉　翔眞,MF,1996/7/7,174,74
八戸,脇坂　崚平,MF,1998/12/27,174,67
八戸,鏑木　瑞生,MF,2000/5/28,173,69
八戸,佐藤　祐太,MF,1995/5/13,170,64
八戸,栗澤　陸,MF,2003/7/31,168,61
八戸,高橋　耕平,MF,1999/9/20,172,70
八戸,田中　翼冴,MF,2007/7/18,170,68
八戸,高吉　正真,MF,2000/8/25,176,70
八戸,永田　一真,MF,2000/4/26,174,72
八戸,髙尾　流星,FW,2003/11/20,180,74
八戸,澤上　竜二,FW,1993/10/8,181,77
八戸,井波　勇太,FW,2002/8/29,175,72
八戸,イスマイラ,FW,1998/8/4,188,76
八戸,中野　誠也,FW,1995/7/23,173,69
仙台,堀田　大暉,GK,1994/10/5,183,81
仙台,松澤　香輝,GK,1992/4/3,183,82
仙台,林　彰洋,GK,1987/5/7,195,92
仙台,渡邊　航聖,GK,2008/6/26,180,72
仙台,髙橋　一平,GK,2003/10/2,191,87
仙台,五十嵐　聖己,DF,2002/4/13,177,75
仙台,奥山　政幸,DF,1993/7/28,173,70
仙台,菅田　真啓,DF,1997/6/28,183,77
仙台,マテウス　モラエス,DF,2001/3/6,188,80
仙台,髙田　椋汰,DF,2000/6/10,174,72
仙台,永井　大義,DF,2007/11/19,185,78
仙台,石井　隼太,DF,2001/7/6,173,70
仙台,井上　詩音,DF,2000/4/25,184,77
仙台,韓　浩康,DF,1993/9/18,186,80
仙台,湯谷　杏吏,MF,2002/7/8,180,75
仙台,松井　蓮之,MF,2000/2/27,178,73
仙台,武田　英寿,MF,2001/9/15,178,68
仙台,鎌田　大夢,MF,2001/6/23,168,60
仙台,相良　竜之介,MF,2002/8/17,172,67
仙台,南　創太,MF,2006/6/15,171,62
仙台,工藤　蒼生,MF,2000/5/31,168,66
仙台,有田　恵人,MF,2002/1/24,171,61
仙台,横山　颯大,MF,2006/5/30,168,65
仙台,岩渕　弘人,MF,1997/9/17,177,73
仙台,杉山　耀建,MF,2003/11/8,174,68
仙台,荒木　駿太,FW,1999/10/24,170,66
仙台,宮崎　鴻,FW,1999/8/5,184,82
仙台,小林　心,FW,2000/9/29,177,73
仙台,梅木　翼,FW,1998/11/24,183,75
仙台,中田　有祐,FW,2004/6/5,190,86
仙台,西丸　道人,FW,2005/6/15,169,70
仙台,古屋　歩夢,FW,2007/5/9,176,79
仙台,安野　匠,FW,2006/4/8,174,65
秋田,山田　元気,GK,1994/12/16,187,84
秋田,矢田貝　壮貴,GK,1998/6/11,184,85
秋田,堀内　智葵,GK,2006/12/17,184,82
秋田,岡﨑　亮平,DF,1992/4/25,185,78
秋田,飯泉　涼矢,DF,1995/12/28,181,80
秋田,岡野　洵,DF,1997/12/9,187,83
秋田,長井　一真,DF,1998/11/2,180,77
秋田,才藤　龍治,DF,1993/3/12,177,73
秋田,野々村　鷹人,DF,1998/5/13,183,85
秋田,高橋　秀典,DF,1998/7/18,174,75
秋田,長谷川　巧,DF,1998/10/6,179,71
秋田,畑橋　拓輝,DF,2002/8/4,184,80
秋田,諸岡　裕人,MF,1997/1/4,168,68
秋田,水谷　拓磨,MF,1996/4/24,162,62
秋田,中村　亮太,MF,1991/1/28,178,78
秋田,大石　竜平,MF,1997/1/21,169,67
秋田,吉岡　雅和,MF,1995/3/9,163,59
秋田,藤山　智史,MF,1994/4/23,168,66
秋田,石田　凌太郎,MF,2001/12/13,176,72
秋田,土井　紅貴,MF,2002/4/9,176,74
秋田,中野　嘉大,MF,1993/2/24,176,66
秋田,梅田　魁人,FW,1997/5/15,179,80
秋田,佐藤　大樹,FW,1999/4/23,178,75
秋田,佐川　洸介,FW,2000/5/11,187,90
秋田,半田　航也,FW,1998/9/27,180,75
秋田,鈴木　翔大,FW,1993/4/3,180,79
秋田,西村　真祈,FW,2001/11/3,180,78
山形,トーマス　ヒュワード　ベル,GK,1997/3/11,190,81
山形,長谷川　洸,GK,1995/5/16,183,85
山形,上林　大誠,GK,2006/2/21,184,79
山形,渋谷　飛翔,GK,1995/1/27,189,89
山形,イ　ドンヒ,DF,2000/2/7,186,83
山形,熊本　雄太,DF,1995/7/18,186,83
山形,西村　慧祐,DF,1998/2/19,187,81
山形,山田　拓巳,DF,1989/11/25,170,67
山形,野嶽　寛也,DF,2000/12/3,173,66
山形,川井　歩,DF,1999/8/12,177,66
山形,岡本　一真,DF,2003/9/19,175,70
山形,城和　隼颯,DF,1998/8/25,187,88
山形,相馬　丞,DF,2001/6/15,182,76
山形,坂本　稀吏也,DF,2003/4/23,184,78
山形,中村　亮太朗,MF,1997/9/27,179,70
山形,土居　聖真,MF,1992/5/21,172,63
山形,氣田　亮真,MF,1997/8/12,172,66
山形,柳町　魁耀,MF,2002/5/7,175,68
山形,寺山　翼,MF,2000/4/10,180,78
山形,横山　塁,MF,1999/9/30,180,68
山形,吉尾　海夏,MF,1998/6/28,169,66
山形,田中　渉,MF,2000/9/23,169,65
山形,田中　祉同,MF,2003/5/22,168,65
山形,平賀　大空,MF,2005/3/2,173,71
山形,國分　伸太郎,MF,1994/8/31,172,66
山形,榎本　啓吾,MF,1999/9/5,165,62
山形,竹ノ谷　優駕スベディ,MF,2007/12/27,178,64
山形,タリソン　アウベス,MF,1999/3/2,183,78
山形,高橋　潤哉,FW,1997/5/28,178,78
山形,ディサロ　燦シルヴァーノ,FW,1996/4/2,175,72
山形,堀金　峻明,FW,2002/12/25,182,79
いわき,加藤　有輝,GK,1997/9/20,188,81
いわき,松本　崚汰,GK,2002/10/25,184,79
いわき,佐々木　雅士,GK,2002/5/1,185,79
いわき,ジュ　ヒョンジン,GK,2005/2/6,190,84
いわき,遠藤　凌,DF,1998/7/6,183,76
いわき,堂鼻　起暉,DF,1998/12/5,177,75
いわき,桒田　大誠,DF,2002/8/26,185,84
いわき,中野　陽斗,DF,2007/5/6,180,73
いわき,坂本　光,DF,2004/3/17,183,78
いわき,ヒョン　ウビン,DF,2006/1/17,190,81
いわき,深港　壮一郎,DF,2000/8/12,179,76
いわき,今野　息吹,MF,2001/5/10,179,70
いわき,中島　舜,MF,2002/4/8,173,67
いわき,柴田　壮介,MF,2001/5/26,168,64
いわき,村上　陽斗,MF,2002/7/17,174,67
いわき,山口　大輝,MF,1997/11/2,175,68
いわき,荒木　仁翔,MF,2007/8/2,170,68
いわき,チョン　ソホ,MF,2007/6/8,180,70
いわき,大氏　凜州,MF,2003/5/14,169,66
いわき,高橋　勇利也,MF,1999/3/24,181,76
いわき,山中　惇希,MF,2001/5/6,174,68
いわき,久永　瑠音,MF,2004/3/4,175,72
いわき,木吹　翔太,MF,2006/8/19,203,90
いわき,永木　亮太,MF,1988/6/4,175,67
いわき,松本　琉雅,MF,2004/9/30,175,73
いわき,西谷　亮,FW,2004/1/10,180,69
いわき,加藤　大晟,FW,2002/9/6,184,81
いわき,坂元　一渚璃,FW,2004/11/22,184,68
いわき,田中　幹大,FW,2003/7/22,183,72
いわき,オウイエ　ウイリアム,FW,2004/4/19,190,80
いわき,熊田　直紀,FW,2004/8/2,181,79
栃木Ｃ,原田　欽庸,GK,1986/5/17,183,79
栃木Ｃ,児玉　潤,GK,1997/9/8,175,70
栃木Ｃ,奥原　崇陽,GK,2008/2/8,184,75
栃木Ｃ,相澤　ピーターコアミ,GK,2001/1/20,193,89
栃木Ｃ,奥井　諒,DF,1990/3/7,169,65
栃木Ｃ,佐藤　喜生,DF,1997/11/6,184,75
栃木Ｃ,知念　哲矢,DF,1997/11/8,180,72
栃木Ｃ,鈴木　裕斗,DF,2000/5/5,170,60
栃木Ｃ,小西　慶太郎,DF,2002/4/6,177,76
栃木Ｃ,小池　裕太,DF,1996/11/6,172,68
栃木Ｃ,乾　貴哉,DF,1996/5/12,187,73
栃木Ｃ,薩川　淳貴,DF,1997/8/12,170,62
栃木Ｃ,マテイ　ヨニッチ,DF,1991/1/29,187,83
栃木Ｃ,加藤　丈,MF,1998/9/14,162,65
栃木Ｃ,森　俊貴,MF,1997/8/29,178,71
栃木Ｃ,岡庭　裕貴,MF,1995/1/3,172,70
栃木Ｃ,表原　玄太,MF,1996/2/28,167,67
栃木Ｃ,大嶌　貴,MF,2000/10/18,169,63
栃木Ｃ,加藤　大,MF,1991/5/7,175,72
栃木Ｃ,ペドロ　アウグスト,MF,1997/3/3,181,71
栃木Ｃ,宇都木　峻,MF,1996/9/21,178,71
栃木Ｃ,下田　栄祐,MF,2004/5/5,178,77
栃木Ｃ,山下　敬大,FW,1996/3/13,185,81
栃木Ｃ,鈴木　武蔵,FW,1994/2/11,185,75
栃木Ｃ,小竹　知恩,FW,2006/4/14,181,80
栃木Ｃ,ダヴィド　モーベルグ,FW,1994/3/20,179,74
栃木Ｃ,吉田　篤志,FW,1999/4/7,182,76
栃木Ｃ,西谷　和希,FW,1993/10/5,165,65
栃木Ｃ,齋藤　恵太,FW,1993/3/31,181,75
栃木Ｃ,田中　パウロ淳一,FW,1993/10/23,169,68
栃木Ｃ,升掛　友護,FW,2003/8/24,175,68
栃木Ｃ,平岡　将豪,FW,1995/5/12,174,74
大宮,笠原　昂史,GK,1988/11/21,191,91
大宮,トム　グローバー,GK,1997/12/24,197,94
大宮,志村　滉,GK,1996/4/27,186,80
大宮,若林　学歩,GK,2004/3/10,196,88
大宮,加藤　聖,DF,2001/9/16,169,68
大宮,ガブリエウ,DF,1995/3/14,180,81
大宮,イヨハ　理　ヘンリー,DF,1998/6/23,182,82
大宮,尾崎　優成,DF,2003/7/26,186,82
大宮,茂木　力也,DF,1996/9/27,176,73
大宮,熊田　佳斗,DF,2009/9/5,185,80
大宮,村上　陽介,DF,2002/2/4,184,80
大宮,関口　凱心,DF,2001/9/24,180,73
大宮,木寺　優直,DF,2008/9/12,179,65
大宮,井芹　響輔,DF,2009/4/29,171,62
大宮,西尾　隆矢,DF,2001/5/16,182,86
大宮,石川　俊輝,MF,1991/7/10,174,70
大宮,小島　幹敏,MF,1996/9/17,178,73
大宮,カウアン　ディニース,MF,2004/3/7,186,75
大宮,泉　柊椰,MF,2000/12/2,174,66
大宮,中山　昂大,MF,2002/7/6,187,80
大宮,加藤　玄,MF,2003/4/15,183,79
大宮,神田　泰斗,MF,2008/5/7,180,69
大宮,松井　匠,MF,2003/11/21,174,74
大宮,和田　拓也,MF,1990/7/28,170,68
大宮,小林　柚希,MF,2008/4/13,175,68
大宮,エドワード　真秀,MF,2008/7/21,181,77
大宮,豊川　雄太,FW,1994/9/9,171,68
大宮,カプリーニ,FW,1997/11/11,170,76
大宮,日髙　元,FW,2007/11/13,165,63
大宮,杉本　健勇,FW,1992/11/18,188,80
大宮,中島　大翔,FW,2008/10/16,165,57
大宮,山本　桜大,FW,2004/6/4,175,70
大宮,磯﨑　麻玖,FW,2006/5/26,192,85
大宮,マギー　ジェラニー　蓮,FW,2008/12/24,186,86
大宮,オリオラ　サンデー,FW,2003/4/18,178,75
横浜FC,市川　暉記,GK,1998/10/19,190,86
横浜FC,ヤクブ　スウォビィク,GK,1991/8/31,190,85
横浜FC,西方　瑛太郎,GK,2010/2/15,185,78
横浜FC,石井　僚,GK,2000/7/11,191,84
横浜FC,山岸　克斗,GK,2008/8/16,188,86
横浜FC,鈴木　準弥,DF,1996/1/7,176,71
横浜FC,細井　響,DF,2003/10/31,183,77
横浜FC,伊藤　槙人,DF,1992/10/18,183,76
横浜FC,杉田　隼,DF,2004/1/9,179,65
横浜FC,岩武　克弥,DF,1996/6/4,175,70
横浜FC,秦　樹,DF,2007/5/1,182,70
横浜FC,新保　海鈴,DF,2002/8/16,171,64
横浜FC,佐藤　颯真,DF,2003/11/3,183,72
横浜FC,山田　康太,MF,1999/7/10,175,68
横浜FC,小倉　陽太,MF,2001/5/3,183,78
横浜FC,窪田　稜,MF,2001/1/5,171,68
横浜FC,高塩　隼生,MF,2004/6/3,170,63
横浜FC,村田　透馬,MF,2000/7/22,173,64
横浜FC,向井　俊貴,MF,2004/4/13,182,68
横浜FC,横山　暁之,MF,1997/3/26,171,65
横浜FC,熊倉　弘貴,MF,2002/5/16,174,70
横浜FC,宇田　光史朗,MF,2004/9/26,182,72
横浜FC,遠藤　貴成,MF,2002/10/19,172,67
横浜FC,福岡　湧大,MF,2008/5/15,165,59
横浜FC,髙江　麗央,MF,1998/6/27,171,71
横浜FC,岩崎　亮佑,MF,2008/1/30,174,68
横浜FC,ルキアン,FW,1991/9/21,183,87
横浜FC,ジョアン　パウロ,FW,1996/11/28,179,73
横浜FC,室井　彗佑,FW,2000/4/17,170,65
横浜FC,森　海渡,FW,2000/6/7,185,80
横浜FC,前田　勘太朗,FW,2007/7/10,177,67
横浜FC,齋藤　翔,FW,2009/2/23,174,69
横浜FC,駒沢　直哉,FW,2002/5/17,178,79
横浜FC,アダイウトン,FW,1990/12/6,176,83
湘南,永井　建成,GK,1995/7/7,185,84
湘南,真田　幸太,GK,1999/4/21,190,88
湘南,岩瀬　陽,GK,2003/10/15,185,85
湘南,上福元　直人,GK,1989/11/17,182,76
湘南,松村　晟怜,DF,2003/12/3,184,75
湘南,袴田　裕太郎,DF,1996/6/24,183,77
湘南,舘　幸希,DF,1997/12/14,173,73
湘南,大野　和成,DF,1989/8/4,180,77
湘南,下口　稚葉,DF,1998/5/2,178,75
湘南,髙橋　直也,DF,2001/5/28,181,72
湘南,蓑田　広大,DF,1999/8/10,180,74
湘南,松本　果成,DF,2007/1/19,182,75
湘南,福島　隼斗,DF,2000/4/26,178,75
湘南,保田　成琉,DF,2004/8/3,180,76
湘南,松村　秀明,DF,2008/6/19,180,67
湘南,柴田　徹,DF,2001/2/18,173,65
湘南,岡庭　愁人,DF,1999/9/16,171,65
湘南,松本　大弥,MF,2000/8/10,180,79
湘南,武田　将平,MF,1994/4/4,181,73
湘南,小野瀬　康介,MF,1993/4/22,178,69
湘南,藤井　智也,MF,1998/12/4,173,68
湘南,アルトゥール　シルバ,MF,1995/4/26,180,84
湘南,田村　蒼生,MF,2002/4/20,165,61
湘南,池田　昌生,MF,1999/7/8,177,71
湘南,石橋　瀬凪,MF,2006/4/22,180,72
湘南,奥埜　博亮,MF,1989/8/14,171,68
湘南,山口　豪太,MF,2007/4/24,172,67
湘南,中村　龍,MF,2008/7/11,171,60
湘南,鈴木　雄斗,MF,1993/12/7,182,76
湘南,加瀬　直輝,MF,2000/6/7,167,60
湘南,ファビアン　ゴンザレス,FW,1992/11/23,187,85
湘南,小田　裕太郎,FW,2001/8/12,181,70
湘南,太田　修介,FW,1996/2/23,176,70
湘南,渡邊　啓吾,FW,2002/8/25,185,78
湘南,山田　寛人,FW,2000/3/7,183,76
湘南,石井　久継,FW,2005/7/7,170,65
甲府,河田　晃兵,GK,1987/10/13,184,78
甲府,イ　ミンギ,GK,2003/3/13,188,85
甲府,山内　康太,GK,1999/11/5,187,81
甲府,東　ジョン,GK,2002/5/2,187,85
甲府,井上　樹,DF,2001/5/28,178,74
甲府,野澤　陸,DF,1998/12/7,185,80
甲府,山本　英臣,DF,1980/6/26,175,69
甲府,一瀬　大寿,DF,2002/9/27,186,79
甲府,福元　竣,DF,2004/2/20,185,87
甲府,小出　悠太,DF,1994/10/20,180,76
甲府,福井　啓太,DF,2002/5/19,179,75
甲府,メンデス,DF,1995/4/25,188,86
甲府,小林　岩魚,MF,1996/10/17,178,72
甲府,荒木　翔,MF,1995/8/25,166,65
甲府,安田　虎士朗,MF,2003/8/14,173,69
甲府,熊倉　弘達,MF,2002/5/16,171,69
甲府,村上　千歩,MF,2001/5/28,175,70
甲府,米陀　大洋,MF,2003/4/6,170,67
甲府,林田　滉也,MF,1999/7/14,175,73
甲府,水野　颯太,MF,2000/6/30,175,69
甲府,遠藤　光,MF,2000/6/5,178,72
甲府,佐藤　恵介,MF,2002/6/25,171,69
甲府,平塚　悠知,MF,1996/4/13,175,63
甲府,佐藤　和弘,MF,1990/9/28,176,68
甲府,武井　成豪,MF,1998/4/15,181,75
甲府,保坂　知希,MF,2006/5/25,168,57
甲府,黒川　淳史,MF,1998/2/4,170,65
甲府,三平　和司,FW,1988/1/13,175,68
甲府,内藤　大和,FW,2004/7/14,179,73
甲府,藤井　一志,FW,2001/9/30,174,73
甲府,スタチオーリ　ミケーレ,FW,2003/10/6,178,76
甲府,大島　康樹,FW,1996/5/30,177,66
甲府,太田　龍之介,FW,2002/4/1,185,76
新潟,田代　琉我,GK,1998/8/27,185,88
新潟,吉満　大介,GK,1993/2/21,187,85
新潟,松浦　大翔,GK,2008/9/21,184,76
新潟,バウマン,GK,1996/4/10,194,84
新潟,内山　翔太,GK,2006/11/9,190,73
新潟,ジェイソン　ゲリア,DF,1993/5/10,183,78
新潟,加藤　徹也,DF,1996/3/13,181,75
新潟,舞行龍ジェームズ,DF,1988/9/17,185,82
新潟,早川　史哉,DF,1994/1/12,170,70
新潟,森　璃太,DF,2001/8/19,170,65
新潟,佐藤　海宏,DF,2007/2/26,177,72
新潟,松岡　敏也,DF,2007/9/28,175,68
新潟,藤原　優大,DF,2002/6/29,182,74
新潟,森　昂大,DF,1999/4/27,183,74
新潟,舩木　翔,DF,1998/4/13,177,65
新潟,大西　悠介,MF,2001/5/20,174,67
新潟,白井　永地,MF,1995/9/26,176,72
新潟,ダニーロ　ゴメス,MF,1999/2/5,175,77
新潟,落合　陸,MF,1999/5/23,175,72
新潟,古長谷　千博,MF,2001/10/25,171,61
新潟,シマブク　カズヨシ,MF,1999/7/29,166,63
新潟,星　雄次,MF,1992/7/27,170,64
新潟,新井　泰貴,MF,1997/6/19,174,67
新潟,藤原　奏哉,MF,1995/9/9,170,70
新潟,島村　拓弥,MF,1999/3/6,170,63
新潟,奥村　仁,MF,2001/4/3,168,62
新潟,石山　青空,MF,2006/1/27,170,65
新潟,笠井　佳祐,MF,2002/8/30,180,71
新潟,大竹　優心,MF,2005/7/17,170,61
新潟,若月　大和,FW,2002/1/18,170,65
新潟,マテウス　モラエス,FW,2000/4/22,176,72
新潟,小野　裕二,FW,1992/12/22,170,69
富山,平尾　駿輝,GK,2003/8/12,186,83
富山,寺門　陸,GK,2002/11/23,182,80
富山,コ　ボンジョ,GK,2002/2/15,191,82
富山,原田　岳,GK,1998/5/22,188,84
富山,香川　勇気,DF,1992/7/2,177,70
富山,今瀬　淳也,DF,1993/1/3,184,81
富山,深澤　壯太,DF,2003/3/20,175,70
富山,實藤　友紀,DF,1989/1/19,179,72
富山,西矢　慎平,DF,2001/8/11,173,70
富山,丸山　嵩大,DF,2004/8/16,178,72
富山,安光　将作,DF,1999/11/2,180,73
富山,鍋田　純志,DF,2000/1/2,179,68
富山,竹内　豊,DF,2003/1/21,184,80
富山,岡本　將成,DF,2000/4/7,184,82
富山,瀬良　俊太,MF,2001/10/11,174,68
富山,亀田　歩夢,MF,2006/12/19,168,58
富山,松岡　大智,MF,1999/1/23,171,63
富山,谷本　駿介,MF,2001/3/7,173,68
富山,末木　裕也,MF,1997/5/16,177,76
富山,湯之前　匡央,MF,2003/12/30,171,69
富山,伊藤　拓巳,MF,2000/7/29,169,65
富山,チョン　ウヨン,MF,1989/12/14,186,78
富山,椎名　伸志,MF,1991/10/15,166,60
富山,布施谷　翔,MF,2000/9/21,175,70
富山,溝口　駿,MF,2002/6/6,176,69
富山,髙橋　馨希,MF,2001/6/16,175,70
富山,竹中　元汰,MF,2003/1/25,173,67
富山,植田　啓太,MF,2002/9/3,175,71
富山,香川　太朗,MF,2004/7/14,166,62
富山,吉平　翼,FW,1998/1/5,172,70
富山,松田　力,FW,1991/7/24,175,70
富山,小川　慶治朗,FW,1992/7/14,170,67
富山,坪井　清志郎,FW,2000/2/1,178,73
富山,中島　裕希,FW,1984/6/16,175,80
富山,古川　真人,FW,2001/11/14,175,74
富山,キム　テウォン,FW,2005/3/11,185,76
磐田,川島　永嗣,GK,1983/3/20,185,82
磐田,阿部　航斗,GK,1997/8/1,186,82
磐田,三浦　龍輝,GK,1992/5/17,181,74
磐田,西澤　翼,GK,2002/8/29,189,84
磐田,中島　佳太郎,GK,2001/6/6,186,82
磐田,川﨑　一輝,DF,1997/11/8,174,68
磐田,森岡　陸,DF,1998/11/20,181,71
磐田,松原　后,DF,1996/8/30,182,72
磐田,江﨑　巧朗,DF,2000/2/5,177,68
磐田,加藤　大育,DF,1998/10/6,180,79
磐田,上夷　克典,DF,1996/4/5,182,74
磐田,西久保　駿介,DF,2003/7/30,178,67
磐田,桑原　航太,DF,2004/7/28,173,68
磐田,山﨑　浩介,DF,1995/12/30,182,80
磐田,甲斐　佑蒼,DF,2007/5/2,179,67
磐田,吉村　瑠晟,DF,2003/7/2,181,72
磐田,川口　尚紀,DF,1994/5/24,177,72
磐田,ヤン　ファンデンベルフ,DF,1994/10/2,188,80
磐田,増田　大空,DF,2008/1/13,177,70
磐田,西野　陽向,DF,2009/7/26,182,67
磐田,金子　大毅,MF,1998/8/28,177,67
磐田,上原　力也,MF,1996/8/25,174,66
磐田,為田　大貴,MF,1993/8/24,175,72
磐田,グスタボ　シルバ,MF,1997/9/7,168,63
磐田,井上　潮音,MF,1997/8/3,169,63
磐田,小池　直矢,MF,2005/2/12,179,71
磐田,川合　徳孟,MF,2007/3/3,173,65
磐田,角　昂志郎,MF,2002/8/13,166,66
磐田,石塚　蓮歩,MF,2007/12/17,182,69
磐田,相田　勇樹,MF,1998/8/3,172,66
磐田,植村　洋斗,MF,2001/8/26,173,67
磐田,奥田　悠真,MF,2008/5/6,165,59
磐田,小枝　朔太郎,MF,2009/8/11,172,61
磐田,西岡　健斗,MF,2008/7/14,172,64
磐田,藤原　健介,MF,2003/12/21,177,70
磐田,渡邉　りょう,FW,1996/10/25,179,71
磐田,マテウス　ペイショット,FW,1995/11/16,190,94
磐田,ポラメート　アーウィライ,FW,1998/7/20,180,72
磐田,佐藤　凌我,FW,1999/2/20,178,65
藤枝,田口　潤人,GK,1996/9/28,181,77
藤枝,ジョーンズ　レイ,GK,2002/5/4,180,73
藤枝,栗栖　汰志,GK,2006/9/17,182,73
藤枝,北村　海　チディ,GK,2000/9/17,178,78
藤枝,永野　修都,DF,2006/4/15,182,77
藤枝,鈴木　翔太,DF,1996/11/21,179,74
藤枝,中川　創,DF,1999/6/1,184,79
藤枝,楠本　卓海,DF,1995/12/10,182,76
藤枝,森　侑里,DF,2000/8/8,184,78
藤枝,近藤　優成,DF,2003/10/2,177,77
藤枝,久富　良輔,DF,1991/3/19,177,69
藤枝,中村　涼,DF,2002/7/20,182,76
藤枝,大森　彗斗,DF,2003/1/4,187,82
藤枝,世瀬　啓人,MF,1999/8/20,182,73
藤枝,浅倉　廉,MF,2001/4/28,168,64
藤枝,中村　優斗,MF,2003/10/9,175,70
藤枝,三木　仁太,MF,2003/8/21,174,67
藤枝,杉田　真彦,MF,1995/6/16,171,66
藤枝,岡澤　昂星,MF,2003/10/22,165,60
藤枝,松下　佳貴,MF,1994/3/3,174,67
藤枝,梶川　諒太,MF,1989/4/17,164,58
藤枝,河本　大雅,MF,2006/7/23,173,64
藤枝,芹生　海翔,MF,2006/2/22,178,68
藤枝,川上　エドオジョン　智慧,MF,1998/4/21,167,68
藤枝,行友　祐翔,MF,2007/2/6,172,65
藤枝,金子　翔太,MF,1995/5/2,163,58
藤枝,松木　駿之介,FW,1996/10/24,170,64
藤枝,矢村　健,FW,1997/6/9,169,69
藤枝,菊井　悠介,FW,1999/9/17,173,73
藤枝,真鍋　隼虎,FW,2004/1/2,177,72
藤枝,久保　征一郎,FW,2001/6/22,186,79
藤枝,山﨑　絢心,FW,2007/6/25,172,65
藤枝,閑田　隼人,FW,2002/8/1,178,72
徳島,永石　拓海,GK,1996/2/16,191,86
徳島,青木　心,GK,2000/6/9,187,82
徳島,三井　大輝,GK,2001/5/27,188,85
徳島,長谷川　徹,GK,1988/12/11,187,75
徳島,山田　奈央,DF,2002/11/18,183,72
徳島,カイケ,DF,2001/5/30,190,86
徳島,青木　駿人,DF,2001/4/6,183,79
徳島,山越　康平,DF,1993/5/4,183,78
徳島,松田　佳大,DF,2000/5/17,190,85
徳島,柳澤　亘,DF,1996/6/28,180,72
徳島,西坂　斗和,DF,2004/6/24,177,63
徳島,高木　友也,DF,1998/5/23,175,70
徳島,山口　竜弥,DF,2000/2/9,171,71
徳島,モヨ　マルコム強志,DF,2001/6/3,181,80
徳島,鹿沼　直生,MF,1997/12/7,174,73
徳島,児玉　駿斗,MF,1998/12/3,166,62
徳島,岩尾　憲,MF,1988/4/18,175,65
徳島,杉本　太郎,MF,1996/2/12,162,62
徳島,髙田　優,MF,2005/9/8,179,67
徳島,髙田　颯也,MF,2001/8/15,180,69
徳島,尾上　瑠聖,MF,2006/7/21,171,60
徳島,重廣　卓也,MF,1995/5/5,179,70
徳島,福田　武玖,MF,2007/10/20,174,67
徳島,ターレス,MF,2001/6/29,176,78
徳島,トニー　アンデルソン,FW,1997/12/27,184,80
徳島,ルーカス　バルセロス,FW,1998/7/19,182,82
徳島,梶谷　政仁,FW,2000/3/9,181,81
徳島,渡　大生,FW,1993/6/25,176,70
徳島,宮崎　純真,FW,2000/4/10,173,66
徳島,鈴木　輪太朗　イブラヒーム,FW,2003/1/31,192,85
徳島,ローレンス　デイビッド,FW,2006/4/25,176,76
今治,立川　小太郎,GK,1997/1/4,188,82
今治,山本　透衣,GK,2001/5/31,185,80
今治,伊藤　元太,GK,2000/7/2,190,83
今治,山田　陽介,GK,2003/9/3,186,86
今治,高木和　徹,GK,1995/4/15,184,81
今治,梅木　怜,DF,2005/8/25,174,65
今治,孫　大河,DF,1999/6/13,187,84
今治,市原　亮太,DF,1998/5/25,185,80
今治,ガブリエル　ゴメス,DF,1999/8/23,187,80
今治,ロドリゴ　ソウザ,DF,2002/5/31,171,68
今治,イ　ヨンジュン,DF,2006/8/7,190,80
今治,竹内　悠力,DF,2001/9/29,182,77
今治,丸山　大和,DF,2003/12/11,181,78
今治,新井　光,MF,1999/4/14,175,66
今治,梶浦　勇輝,MF,2004/1/2,170,70
今治,山田　貴文,MF,1992/4/19,173,68
今治,駒井　善成,MF,1992/6/6,168,68
今治,近藤　高虎,MF,1997/9/28,164,64
今治,森　晃太,MF,1997/6/13,175,69
今治,持井　響太,MF,1999/1/20,168,63
今治,佐藤　璃樹,MF,2003/11/30,172,68
今治,柴野　快仁,MF,2007/8/1,172,70
今治,笹　修大,MF,2006/8/31,183,80
今治,久保　恵音,MF,2007/4/25,167,62
今治,馬越　晃,MF,2005/7/13,172,64
今治,加藤　潤也,MF,1994/12/30,166,62
今治,エジガル　ジュニオ,FW,1991/5/6,174,72
今治,ウェズレイ　タンキ,FW,1996/7/14,186,85
今治,古山　兼悟,FW,2002/7/11,178,74
今治,菊池　季汐,FW,2003/9/29,175,70
今治,林　誠道,FW,1996/4/4,180,71
鳥栖,泉森　涼太,GK,1999/7/21,181,81
鳥栖,松原　颯汰,GK,2002/9/30,181,76
鳥栖,内山　圭,GK,1993/7/19,181,74
鳥栖,エジケ　唯吹ヴィンセント,GK,2008/12/31,182,71
鳥栖,神山　京右,DF,2000/1/2,178,72
鳥栖,今津　佑太,DF,1995/7/8,184,80
鳥栖,長澤　シヴァタファリ,DF,2001/12/12,186,83
鳥栖,北島　郁哉,DF,2005/11/20,171,67
鳥栖,安藤　寿岐,DF,2003/10/14,176,73
鳥栖,小川　大空,DF,1999/10/18,180,72
鳥栖,黒木　雄也,DF,2007/12/4,183,74
鳥栖,森下　怜哉,DF,1998/11/1,181,76
鳥栖,磯谷　駿,DF,2002/7/30,181,77
鳥栖,上原　牧人,DF,1998/11/20,182,78
鳥栖,松本　凪生,MF,2001/9/4,171,66
鳥栖,櫻井　辰徳,MF,2002/7/26,178,68
鳥栖,坂本　亘基,MF,1999/1/19,166,63
鳥栖,楢原　慶輝,MF,2004/4/7,168,61
鳥栖,城定　幹大,MF,2001/2/15,178,70
鳥栖,堺屋　佳介,MF,2005/5/7,173,68
鳥栖,西澤　健太,MF,1996/9/6,171,67
鳥栖,玄　理吾,MF,2003/12/30,171,61
鳥栖,豊田　歩,MF,2000/11/25,171,67
鳥栖,弓場　堅真,MF,2000/10/12,163,61
鳥栖,田中　雄大,MF,1999/12/14,163,63
鳥栖,池田　季礼,MF,2007/7/29,176,67
鳥栖,水巻　時飛,MF,2007/6/14,168,63
鳥栖,松岡　響祈,MF,2005/2/2,172,67
鳥栖,芳野　凱斗,MF,2005/3/30,170,68
鳥栖,伊澤　璃来,MF,2009/7/29,168,58
鳥栖,ヴィキンタス　スリヴカ,MF,1995/4/29,187,81
鳥栖,ジョー,FW,1999/2/21,190,86
鳥栖,酒井　宣福,FW,1992/11/9,180,80
鳥栖,鈴木　大馳,FW,2006/11/8,181,70
鳥栖,合戸　晴矢,FW,2004/5/8,177,73
鳥栖,塩浜　遼,FW,2000/5/7,170,66
大分,田中　悠也,GK,2000/5/10,185,94
大分,ムン　キョンゴン,GK,1995/2/9,187,83
大分,佐藤　隼,GK,1997/3/6,186,83
大分,古野　優斗,GK,2006/8/22,193,87
大分,岡本　拓也,DF,1992/6/18,175,75
大分,三竿　雄斗,DF,1991/4/16,175,69
大分,吉田　真那斗,DF,2001/11/16,173,69
大分,小野　俊輔,DF,2005/6/8,182,73
大分,松尾　勇佑,DF,2000/6/27,170,67
大分,戸根　一誓,DF,1996/5/22,182,77
大分,ペレイラ,DF,1997/1/31,184,80
大分,坂田　陸,DF,2003/7/30,183,86
大分,宮川　歩己,DF,2002/7/25,181,74
大分,中川　寛斗,MF,1994/11/3,155,60
大分,榊原　彗悟,MF,2000/10/9,170,60
大分,茂　平,MF,1993/4/14,174,71
大分,野嶽　惇也,MF,1994/9/11,177,73
大分,小酒井　新大,MF,2001/9/21,181,77
大分,山崎　太新,MF,2004/2/27,176,70
大分,清武　弘嗣,MF,1989/11/12,174,70
大分,吉川　敬進,MF,2003/7/26,170,61
大分,佐藤　丈晟,MF,2004/10/28,178,72
大分,松岡　颯人,MF,2005/4/14,171,65
大分,山口　卓己,MF,2000/7/21,167,63
大分,パトリッキ　ヴェロン,MF,2004/9/8,174,71
大分,有馬　幸太郎,FW,2000/9/3,183,80
大分,伊佐　耕平,FW,1991/11/23,176,73
大分,宇津元　伸弥,FW,2000/3/29,179,75
大分,屋敷　優成,FW,2003/10/18,166,63
大分,キム　ヒョンウ,FW,2001/10/10,180,77
大分,木許　太賀,FW,2005/6/13,167,68
大分,有働　夢叶,FW,2002/12/8,176,70
大分,櫻井　勇斗,FW,2004/1/20,183,72
大分,木本　真翔,FW,2003/9/22,175,69
宮崎,茂木　秀,GK,1999/1/15,195,90
宮崎,徳若　碧都,GK,2003/7/14,187,79
宮崎,岡本　享也,GK,1995/5/15,183,77
宮崎,イ　チュンウォン,GK,2004/7/13,192,90
宮崎,長友　海翔,DF,2002/4/5,170,70
宮崎,安部　崇士,DF,1997/7/15,180,74
宮崎,元木　漣,DF,2007/12/18,178,66
宮崎,松本　雄真,DF,1999/11/14,176,65
宮崎,横窪　皇太,DF,2002/5/25,181,72
宮崎,宮脇　茂夫,DF,2001/12/7,172,68
宮崎,眞鍋　旭輝,DF,1997/10/17,182,76
宮崎,黒木　謙吾,DF,1999/7/6,185,79
宮崎,下川　陽太,DF,1995/9/7,178,70
宮崎,田中　誠太郎,DF,2003/1/7,180,72
宮崎,渡邉　英祐,MF,1999/11/3,172,70
宮崎,大熊　健太,MF,1997/6/14,173,70
宮崎,阿野　真拓,MF,2003/8/30,158,55
宮崎,力安　祥伍,MF,1998/8/22,174,67
宮崎,井上　怜,MF,2001/1/18,166,61
宮崎,中野　桂太,MF,2002/8/27,167,65
宮崎,五月田　星矢,MF,2002/4/18,172,68
宮崎,山内　陸,MF,2000/8/2,170,66
宮崎,望月　耕平,MF,2006/6/7,178,73
宮崎,河合　駿樹,MF,2002/12/31,163,60
宮崎,安藤　陸登,MF,2006/8/8,180,68
宮崎,奥村　晃司,MF,1998/7/29,175,65
宮崎,坂井　駿也,MF,2004/4/16,171,65
宮崎,橋本　啓吾,FW,1998/9/17,191,82
宮崎,土信田　悠生,FW,1999/7/23,182,76
宮崎,佐藤　遼,FW,2004/1/8,176,70
宮崎,塚本　一咲,FW,2007/6/16,183,75
宮崎,松本　ケン　チザンガ,FW,2002/3/14,192,88
宮崎,武　颯,FW,1995/7/17,175,74
福島,上田　智輝,GK,1996/3/3,182,80
福島,吉丸　絢梓,GK,1996/3/27,183,75
福島,安西　駿,GK,2000/5/1,185,72
福島,田中　雄大,GK,1999/7/9,180,73
福島,チョン　ソンリョン,GK,1985/1/4,191,91
福島,當麻　颯,DF,2002/4/21,186,76
福島,ナム　ヒョンミン,DF,2005/4/2,185,77
福島,藤谷　匠,DF,1995/12/6,184,73
福島,チェ　ドヒョン,DF,2004/10/11,175,66
福島,安在　達弥,DF,1996/5/9,173,72
福島,野末　学,DF,2000/5/30,178,75
福島,鈴　直樹,DF,2000/4/13,176,72
福島,土屋　櫂大,DF,2006/5/12,181,74
福島,千葉　虎士,DF,2005/12/27,179,67
福島,上畑　佑平士,MF,1998/7/25,180,72
福島,芦部　晃生,MF,2001/4/5,173,69
福島,岡田　優希,MF,1996/5/13,172,70
福島,針谷　岳晃,MF,1998/10/15,166,56
福島,中村　翼,MF,2002/4/26,168,63
福島,藤田　仁朗,MF,2003/5/2,169,60
福島,泉　彩稀,MF,2003/8/21,179,65
福島,田中　慶汰,MF,2003/4/17,175,68
福島,狩野　海晟,MF,2002/2/8,167,63
福島,永長　鷹虎,MF,2003/4/7,168,60
福島,吉田　陣平,MF,2003/5/6,170,66
福島,清水　一雅,FW,2001/8/2,171,68
福島,三浦　知良,FW,1967/2/26,177,72
福島,石井　稜真,FW,2002/6/15,183,79
福島,樋口　寛規,FW,1992/4/16,172,72
栃木SC,川田　修平,GK,1994/4/5,189,82
栃木SC,櫻庭　立樹,GK,1999/10/13,192,87
栃木SC,鹿野　修平,GK,1999/8/27,183,77
栃木SC,猪越　優惟,GK,2001/5/26,185,81
栃木SC,柳　育崇,DF,1994/6/22,188,94
栃木SC,阿部　海斗,DF,1999/6/18,175,70
栃木SC,鈴木　俊也,DF,2000/11/24,178,73
栃木SC,田端　琉聖,DF,2003/5/11,187,78
栃木SC,岩﨑　博,DF,2002/10/11,186,82
栃木SC,田畑　知起,DF,2004/2/26,182,75
栃木SC,木邨　優人,DF,2002/9/16,184,75
栃木SC,内田　航平,DF,1993/5/19,175,74
栃木SC,佐藤　祥,MF,1993/7/22,174,71
栃木SC,五十嵐　太陽,MF,2003/4/14,172,60
栃木SC,青島　太一,MF,2001/4/17,170,63
栃木SC,大曽根　広汰,MF,1999/8/17,167,64
栃木SC,堤　陽輝,MF,2003/6/13,180,75
栃木SC,杉森　考起,MF,1997/4/5,174,67
栃木SC,永井　大士,MF,2004/1/1,170,68
栃木SC,屋宜　和真,MF,2002/12/10,167,60
栃木SC,食野　壮磨,MF,2001/5/20,167,63
栃木SC,吉野　陽翔,MF,2002/8/4,181,76
栃木SC,市川　遥章,MF,2008/4/22,171,64
栃木SC,湯浅　友吾,MF,2008/4/15,160,54
栃木SC,横浜　丞,MF,2008/12/12,172,70
栃木SC,中野　克哉,MF,1996/9/13,168,64
栃木SC,川名　連介,FW,2002/2/18,170,68
栃木SC,近藤　慶一,FW,2002/3/3,181,82
栃木SC,庄司　朗,FW,2002/10/10,187,79
栃木SC,矢野　貴章,FW,1984/4/5,187,78
栃木SC,西野　太陽,FW,2002/8/10,180,70
栃木SC,オタボー　ケネス,FW,2002/5/13,178,67
群馬,山田　和季,GK,2003/12/30,185,80
群馬,近藤　壱成,GK,2001/1/15,188,86
群馬,志賀　一允,GK,2001/5/20,187,82
群馬,キム　ジェヒ,GK,2006/5/16,185,80
群馬,田頭　亮太,DF,2002/2/7,170,67
群馬,大畑　隆也,DF,1997/10/12,180,77
群馬,キム　グニル,DF,2002/12/6,190,85
群馬,菊地　健太,DF,2000/5/28,171,71
群馬,貫　真郷,DF,2003/10/2,185,80
群馬,シルヴァン　デランド,DF,1997/4/25,190,86
群馬,中野　力瑠,DF,2005/12/19,185,82
群馬,秋元　琉星,DF,2003/1/25,180,79
群馬,小柳　達司,DF,1990/2/7,181,80
群馬,野瀬　翔也,DF,2003/2/14,185,75
群馬,玉城　大志,MF,2001/4/10,174,73
群馬,米原　秀亮,MF,1998/4/20,184,76
群馬,西村　恭史,MF,1999/11/4,185,78
群馬,神垣　陸,MF,1998/7/14,179,70
群馬,山口　一真,MF,1996/1/17,175,70
群馬,風間　宏希,MF,1991/6/19,177,74
群馬,モハマド　ファルザン佐名,MF,2004/6/30,175,68
群馬,下川　太陽,MF,2002/3/7,165,62
群馬,藤村　怜,MF,1999/5/26,176,70
群馬,櫻井　文陽,MF,2003/5/22,165,62
群馬,安達　秀都,MF,2004/7/15,170,63
群馬,瀬畠　義成,MF,2001/1/19,182,78
群馬,佐藤　凜弥,MF,2007/8/1,170,64
群馬,原田　高虎,MF,2007/11/1,176,66
群馬,古賀　竣,MF,2007/8/7,175,70
群馬,ソン　ミンソッ,MF,2007/9/20,187,78
群馬,青木　翔大,FW,1990/8/11,183,80
群馬,加々美　登生,FW,1999/2/15,172,69
群馬,百田　真登,FW,2001/4/4,178,74
群馬,田中　翔太,FW,2001/4/10,178,78
群馬,松本　皐誠,FW,2003/8/12,173,65
群馬,小西　宏登,FW,2002/11/12,171,72
群馬,出間　思努,FW,2005/6/15,175,73
群馬,中島　大嘉,FW,2002/6/8,188,88
相模原,三浦　基瑛,GK,1996/5/28,186,80
相模原,金　珉浩,GK,2000/1/26,192,86
相模原,杉本　大地,GK,1993/7/15,187,83
相模原,綿引　康,DF,1998/1/21,174,73
相模原,ピトリック,DF,1997/11/14,184,84
相模原,常田　克人,DF,1997/11/27,187,82
相模原,高野　遼,DF,1994/11/13,171,70
相模原,三鬼　海,DF,1993/4/19,174,69
相模原,沖田　空,DF,2002/9/5,180,77
相模原,山内　琳太郎,DF,2002/10/25,180,75
相模原,島川　俊郎,MF,1990/5/28,180,75
相模原,徳永　裕大,MF,1994/4/16,170,69
相模原,神戸　康輔,MF,2000/3/9,170,63
相模原,中山　陸,MF,2001/1/22,174,64
相模原,前田　泰良,MF,2000/7/27,173,73
相模原,竹内　崇人,MF,2002/5/29,178,73
相模原,川畑　優翔,MF,2003/9/9,180,75
相模原,田鎖　勇作,MF,2003/5/27,178,73
相模原,杉本　蓮,MF,2003/3/18,175,60
相模原,棚橋　尭士,FW,2000/7/12,172,68
相模原,佐々木　快,FW,1998/10/20,179,75
相模原,武藤　雄樹,FW,1988/11/7,170,68
相模原,安藤　翼,FW,1996/5/12,170,67
松本,上林　豪,GK,2002/8/18,185,74
松本,富澤　雅也,GK,1993/7/14,188,76
松本,高麗　稜太,GK,2000/7/26,180,78
松本,キム　ジュンヒョン,GK,2006/3/23,188,79
松本,岡　健太,GK,2008/5/27,186,75
松本,小田　逸稀,DF,1998/7/16,173,68
松本,高橋　祥平,DF,1991/10/27,180,73
松本,宮部　大己,DF,1998/10/16,178,70
松本,佐相　壱明,DF,1999/6/16,174,67
松本,小川　大貴,DF,1991/10/16,172,73
松本,白井　達也,DF,1997/4/25,180,75
松本,二ノ宮　慈洋,DF,2003/11/10,190,73
松本,樋口　大輝,DF,2001/9/10,173,70
松本,金子　光汰,DF,2004/1/27,183,73
松本,リ　トビン,DF,2003/9/24,185,78
松本,深澤　佑太,MF,2000/8/15,172,68
松本,大橋　尚志,MF,1996/12/1,183,72
松本,渋谷　諒太,MF,2003/5/15,174,67
松本,澤崎　凌大,MF,2002/3/21,177,72
松本,松村　厳,MF,2002/6/20,178,75
松本,萩原　正太郎,MF,2006/6/14,174,67
松本,村越　凱光,MF,2001/10/7,167,64
松本,安永　玲央,MF,2000/11/19,177,72
松本,早河　恭哉,MF,2004/1/9,172,65
松本,松岡　瑠夢,FW,1998/7/22,177,65
松本,加藤　拓己,FW,1999/7/16,180,84
松本,田中　想来,FW,2004/11/11,174,71
松本,渡邊　乃斗,FW,2002/5/5,185,79
松本,藤枝　康佑,FW,2003/7/30,175,70
松本,井上　愛簾,FW,2006/9/19,177,72
長野,田尻　健,GK,1993/6/11,182,77
長野,中野　小次郎,GK,1999/3/5,200,90
長野,牧野　虎太郎,GK,2002/7/13,185,81
長野,下鳥　舟平,GK,2009/4/22,181,70
長野,酒井　崇一,DF,1996/5/13,184,81
長野,冨田　康平,DF,1996/6/9,177,74
長野,行德　瑛,DF,2004/12/17,185,79
長野,大野　佑哉,DF,1996/8/17,179,70
長野,附木　雄也,DF,1994/12/17,184,83
長野,石井　光輝,DF,1995/3/15,173,67
長野,渡邉　禅,DF,2004/1/8,168,65
長野,尾崎　裕人,DF,2003/7/4,185,79
長野,長谷川　雄志,MF,1996/12/6,178,77
長野,長谷川　隼,MF,1997/9/14,180,74
長野,近藤　貴司,MF,1992/4/26,167,62
長野,山中　麗央,MF,1999/7/10,168,60
長野,樋口　叶,MF,2001/4/23,165,63
長野,忽那　喬司,MF,1997/8/20,175,65
長野,伊藤　恵亮,MF,2001/2/4,172,66
長野,吉田　桂介,MF,2003/1/20,175,68
長野,田中　康介,MF,1999/2/1,170,67
長野,中田　舜貴,MF,2002/5/21,176,70
長野,藤川　虎太朗,MF,1998/7/24,172,65
長野,野嶋　圭人,MF,2003/4/11,165,63
長野,安藤　一哉,MF,1997/7/15,174,70
長野,古賀　俊太郎,MF,1998/8/27,181,73
長野,森田　大智,MF,2003/6/18,170,60
長野,大﨑　舜,FW,2000/4/15,189,80
長野,進　昂平,FW,1995/6/4,172,67
長野,吉澤　柊,FW,1998/10/21,176,77
長野,加納　大,FW,2002/9/13,173,71
長野,清水　蒼太朗,FW,2003/10/28,175,78
金沢,白井　裕人,GK,1988/6/19,184,78
金沢,上田　樹,GK,2001/6/28,188,75
金沢,後藤　大輝,GK,1996/6/14,185,79
金沢,元林　隼太朗,GK,2008/5/22,180,76
金沢,長峰　祐斗,DF,2000/3/28,175,67
金沢,畑尾　大翔,DF,1990/9/16,183,79
金沢,村田　航一,DF,1996/9/6,178,78
金沢,毛利　駿也,DF,1995/4/10,175,70
金沢,寺阪　尚悟,DF,2004/6/6,184,81
金沢,長倉　颯,DF,1996/4/29,177,73
金沢,有吉　勇人,DF,2003/12/6,183,79
金沢,小島　雅也,DF,1997/11/9,170,64
金沢,鈴木　遼,DF,2004/2/21,178,73
金沢,宮崎　海冬,DF,2002/12/24,173,65
金沢,山本　義道,DF,1995/7/25,185,75
金沢,庄司　朋乃也,DF,1997/10/8,187,78
金沢,松本　大輔,DF,1998/9/10,183,85
金沢,櫻井　風我,DF,2000/9/11,175,72
金沢,土佐　陸翼,MF,2000/4/27,174,70
金沢,大山　啓輔,MF,1995/5/7,174,67
金沢,石原　崇兆,MF,1992/11/17,172,67
金沢,西谷　優希,MF,1993/10/5,165,60
金沢,加藤　大樹,MF,1993/3/14,170,67
金沢,四宮　悠成,MF,2003/1/11,175,63
金沢,村田　迅,MF,2002/9/18,173,70
金沢,嶋田　慎太郎,MF,1995/12/5,165,60
金沢,ブワニカ　啓太,FW,2002/12/16,186,75
金沢,パトリック,FW,1987/10/26,187,85
金沢,杉浦　恭平,FW,1989/1/11,177,69
金沢,白輪地　敬大,FW,2001/12/7,172,68
金沢,大澤　朋也,FW,2002/9/6,175,72
金沢,大谷　駿斗,FW,1997/1/17,173,64
岐阜,チョン　ヒョンホ,GK,2004/11/26,203,100
岐阜,山口　畝良,GK,2002/10/9,193,86
岐阜,セランテス,GK,1989/10/24,184,74
岐阜,菅沼　一晃,GK,2001/9/12,186,80
岐阜,甲斐　健太郎,DF,1994/11/1,181,65
岐阜,加藤　慎太郎,DF,1999/10/18,191,86
岐阜,外山　凌,DF,1994/7/29,176,72
岐阜,大串　昇平,DF,2002/9/21,170,64
岐阜,羽田　健人,DF,1997/7/7,185,80
岐阜,湯岑　滉生,DF,2004/3/12,193,89
岐阜,平瀬　大,DF,2001/3/28,182,83
岐阜,キム　ユゴン,DF,2006/3/28,184,80
岐阜,藤田　准也,DF,2007/7/26,181,74
岐阜,萩野　滉大,MF,2000/6/20,177,70
岐阜,福田　晃斗,MF,1992/5/1,170,65
岐阜,文　仁柱,MF,1999/8/22,167,63
岐阜,荒木　大吾,MF,1994/2/17,178,72
岐阜,中村　駿,MF,1994/2/24,178,70
岐阜,北　龍磨,MF,1998/4/16,175,72
岐阜,生地　慶充,MF,1998/4/2,177,70
岐阜,山田　直輝,MF,1990/7/4,168,66
岐阜,松本　歩夢,MF,1998/4/28,179,68
岐阜,泉澤　仁,MF,1991/12/17,165,65
岐阜,箱崎　達也,MF,2002/8/13,170,66
岐阜,屋嘉比　奏汰,MF,2004/3/11,170,62
岐阜,ブヴィク　ムシティ　オコ,FW,1995/1/28,185,85
岐阜,川本　梨誉,FW,2001/6/11,178,75
岐阜,ワッド　モハメッドサディキ,FW,2006/5/29,187,83
岐阜,横山　智也,FW,2000/9/1,167,63
岐阜,山谷　侑士,FW,2000/6/11,177,73
岐阜,ファビオ　アゼヴェド,FW,1999/1/4,182,75
滋賀,伊東　倖希,GK,1996/5/17,188,75
滋賀,櫛引　政敏,GK,1993/1/29,186,85
滋賀,笠原　淳,GK,1989/7/21,188,82
滋賀,本吉　勇貴,GK,1992/9/22,181,77
滋賀,平井　駿助,DF,2002/9/7,186,73
滋賀,宮城　雅史,DF,1991/1/19,179,81
滋賀,井出　敬大,DF,2001/8/18,180,71
滋賀,西山　大雅,DF,1999/8/24,183,77
滋賀,小泉　隆斗,DF,1994/9/5,168,64
滋賀,角田　駿,DF,1996/9/24,180,73
滋賀,前川　智敬,DF,1999/4/7,170,67
滋賀,藤谷　壮,DF,1997/10/28,178,70
滋賀,谷田　壮志朗,DF,2005/7/10,180,70
滋賀,小野寺　健也,DF,1997/11/18,184,77
滋賀,薬真寺　孝弥,MF,1999/3/7,174,70
滋賀,久保田　和音,MF,1997/1/1,170,62
滋賀,中村　健人,MF,1997/9/1,173,66
滋賀,人見　拓哉,MF,1997/12/18,177,69
滋賀,三宅　海斗,MF,1997/8/27,175,72
滋賀,白石　智之,MF,1993/6/10,174,63
滋賀,鈴木　翔太,MF,2000/10/8,168,66
滋賀,木下　礼生,MF,2002/9/25,165,59
滋賀,庄司　一輝,MF,2000/12/28,161,60
滋賀,竜田　柊士,MF,1998/12/5,174,64
滋賀,ロメロ　フランク,MF,1987/8/19,178,77
滋賀,田部井　悠,MF,1999/6/25,172,65
滋賀,海口　彦太,MF,1996/12/9,177,71
滋賀,南　拓都,MF,2002/5/9,175,66
滋賀,渡邉　綾平,MF,2002/2/8,170,68
滋賀,森本　ヒマン,FW,1997/5/1,188,87
滋賀,菊島　卓,FW,1993/12/31,177,75
滋賀,秋山　駿,FW,1999/8/26,178,70
滋賀,日野　友貴,FW,1997/6/15,170,65
滋賀,北條　真汰,FW,2001/5/20,175,70
滋賀,奥田　陽琉,FW,2001/5/23,181,80
FC大阪,菅原　大道,GK,1995/8/10,190,85
FC大阪,韓　峻領,GK,2007/3/1,186,88
FC大阪,関沼　海亜,GK,2005/5/30,183,79
FC大阪,後東　尚輝,GK,2002/4/26,187,74
FC大阪,長野　大河,GK,2003/9/20,181,82
FC大阪,坂本　翔,DF,2000/9/6,174,72
FC大阪,山下　諒時,DF,2000/5/11,180,74
FC大阪,水口　湧斗,DF,2000/6/16,184,80
FC大阪,舘野　俊祐,DF,1993/5/19,174,70
FC大阪,美馬　和也,DF,1997/12/1,173,69
FC大阪,田中　恵太,DF,1989/12/26,170,63
FC大阪,咲本　大,DF,2007/7/26,184,69
FC大阪,秋山　拓也,DF,1994/8/26,185,85
FC大阪,桑子　流空,DF,2003/6/29,180,71
FC大阪,馬　尚勳,DF,1991/7/25,183,79
FC大阪,申　奎元,DF,2003/5/21,186,78
FC大阪,アンジェリーニ,DF,2004/8/10,173,70
FC大阪,金　潤識,DF,2003/7/21,183,75
FC大阪,木匠　貴大,MF,1993/4/7,177,72
FC大阪,芳賀　日陽,MF,2000/7/30,169,66
FC大阪,堤　奏一郎,MF,2001/10/5,173,69
FC大阪,住田　将,MF,1999/8/19,181,75
FC大阪,福井　和樹,MF,2001/6/13,165,61
FC大阪,夏川　大和,MF,2001/9/19,175,70
FC大阪,増田　隼司,MF,1998/8/13,172,68
FC大阪,木村　大輝,MF,2003/5/10,178,75
FC大阪,土肥　航大,MF,2001/4/13,180,68
FC大阪,鳥山　陽斗,MF,2008/2/27,179,64
FC大阪,森村　俊太,MF,2003/4/9,172,67
FC大阪,家坂　葉光,MF,2002/9/26,170,67
FC大阪,川田　太陽,MF,2007/8/12,168,64
FC大阪,川上　竜,MF,1994/10/25,177,72
FC大阪,野瀬　龍世,MF,2000/2/8,168,60
FC大阪,吉田　源太郎,MF,2000/10/26,177,76
FC大阪,島田　拓海,FW,1996/8/25,175,73
FC大阪,久保　吏久斗,FW,1997/1/23,167,64
FC大阪,和田　育,FW,2000/12/19,168,68
FC大阪,東家　聡樹,FW,1997/4/20,185,76
FC大阪,菅原　龍之助,FW,2000/7/28,181,77
FC大阪,李　韓喜,FW,2007/7/4,178,71
FC大阪,松本　孝平,FW,1994/7/31,186,87
FC大阪,ヴィニシウス　ソウザ,FW,2003/3/26,189,87
奈良,宮澤　樹,GK,2003/5/12,184,78
奈良,岡田　慎司,GK,1996/3/10,180,78
奈良,黒川　雷平,GK,2003/6/7,195,85
奈良,マルク　ヴィト,GK,1996/3/10,189,80
奈良,高畠　捷,DF,2003/7/4,176,70
奈良,鈴木　大誠,DF,1996/5/28,182,78
奈良,吉田　新,DF,2000/6/29,173,69
奈良,奥田　雄大,DF,1997/5/1,182,80
奈良,生駒　稀生,DF,1997/11/21,182,71
奈良,中山　雅斗,DF,2001/12/9,179,74
奈良,佐藤　大翔,DF,2002/12/24,183,72
奈良,石井　大生,DF,2003/12/29,190,81
奈良,吉村　弦,DF,1996/5/21,173,70
奈良,田村　亮介,MF,1995/5/8,171,65
奈良,森田　凜,MF,2002/2/14,180,75
奈良,佐藤　諒,MF,1997/9/24,169,64
奈良,後藤　卓磨,MF,1997/7/16,165,60
奈良,國武　勇斗,MF,2005/12/20,180,70
奈良,戸水　利紀,MF,2002/9/30,170,67
奈良,川井　大地,MF,2006/8/14,180,70
奈良,一村　聖連,MF,2004/1/17,170,68
奈良,濵名　元希,MF,2008/7/29,168,63
奈良,オラスンカンミ,MF,2007/7/21,175,66
奈良,芝本　蓮,MF,1999/7/22,174,70
奈良,富樫　佑太,FW,1995/12/18,173,70
奈良,望月　想空,FW,2001/4/3,181,77
奈良,田村　翔太,FW,1995/2/4,168,62
奈良,関口　智也,FW,2007/6/19,185,81
奈良,岡﨑　大志郎,FW,2002/6/29,177,75
奈良,川﨑　修平,FW,2001/4/28,168,66
鳥取,寺沢　優太,GK,1993/7/31,185,82
鳥取,桃井　玲,GK,2002/11/13,183,80
鳥取,バーンズ　アントン,GK,2003/10/1,187,72
鳥取,ヴァンイヤーデン　ショーン,DF,2004/4/16,193,91
鳥取,二階堂　正哉,DF,2000/11/2,175,74
鳥取,温井　駿斗,DF,1996/11/14,180,74
鳥取,荒井　涼,DF,2003/7/1,178,72
鳥取,鄭　翔英,DF,2003/10/1,180,75
鳥取,大嶋　春樹,DF,2000/7/11,181,77
鳥取,ムン　ミン,DF,2005/2/4,175,69
鳥取,橋本　清太郎,DF,2003/7/15,180,75
鳥取,藤田　一途,MF,1999/6/30,175,72
鳥取,小澤　秀充,MF,1999/4/28,170,64
鳥取,東條　敦輝,MF,2000/12/28,175,67
鳥取,清水　祐輔,MF,2001/5/13,176,72
鳥取,河村　匠,MF,2000/9/13,177,68
鳥取,木内　達也,MF,2002/4/7,178,72
鳥取,田制　裕作,MF,2003/10/6,182,74
鳥取,矢島　慎也,MF,1994/1/18,174,70
鳥取,本保　奏希,MF,2003/10/28,174,65
鳥取,金　世明,MF,2006/6/16,180,75
鳥取,高柳　郁弥,MF,2000/10/4,174,65
鳥取,香取　潤,MF,2003/7/10,173,71
鳥取,金浦　真樹,MF,1999/12/10,186,75
鳥取,篠田　大輝,FW,2003/8/14,173,72
鳥取,三木　直土,FW,2001/5/8,168,65
鳥取,山本　颯太,FW,2004/12/4,181,75
鳥取,吉田　伊吹,FW,1997/11/1,180,77
鳥取,ダッジィ　コジョ,FW,2001/11/12,177,77
鳥取,星　景虎,FW,2003/7/4,175,68
鳥取,長谷川　夢叶,FW,2007/7/22,176,66
鳥取,チャ　ウォンジュン,FW,2006/7/25,181,77
山口,糸原　紘史郎,GK,1998/2/25,185,85
山口,チェ　ヒョンチャン,GK,2001/3/12,189,80
山口,山ノ井　拓己,GK,1998/10/25,185,80
山口,飯田　雅浩,GK,2000/10/5,185,85
山口,遠藤　雅己,GK,2001/3/1,188,84
山口,大岩　一貴,DF,1989/8/17,182,79
山口,喜岡　佳太,DF,1997/10/5,183,78
山口,下堂　竜聖,DF,1996/4/17,185,80
山口,板倉　洸,DF,1998/4/6,180,70
山口,亀川　諒史,DF,1993/5/28,177,72
山口,田所　莉旺,DF,2006/4/8,187,74
山口,峰田　祐哉,DF,2002/12/1,185,76
山口,山本　龍平,DF,2000/7/16,172,64
山口,小澤　亮太,MF,2002/12/20,173,68
山口,中島　賢星,MF,1996/9/23,180,73
山口,輪笠　祐士,MF,1996/2/9,170,69
山口,三沢　直人,MF,1995/7/7,180,74
山口,池上　丈二,MF,1994/11/6,165,60
山口,田邉　光平,MF,2001/10/9,168,64
山口,奥山　洋平,MF,1999/10/28,173,66
山口,沼田　航征,MF,2002/1/12,177,69
山口,藤森　颯太,MF,2003/7/17,170,72
山口,水口　飛呂,MF,2002/1/14,175,68
山口,小林　成豪,MF,1994/1/8,176,67
山口,西堂　久俊,MF,2001/3/27,180,76
山口,成岡　輝瑠,MF,2002/7/28,170,60
山口,木村　有磨,MF,2007/2/5,173,65
山口,野村　直輝,MF,1991/4/17,168,65
山口,野寄　和哉,FW,2000/6/26,163,59
山口,藤岡　浩介,FW,1994/8/13,174,68
山口,宮吉　拓実,FW,1992/8/7,173,68
山口,山本　駿亮,FW,1999/3/24,183,80
山口,末永　透瑛,FW,2005/10/13,175,68
山口,古川　大悟,FW,1999/9/15,180,74
山口,アレフ　フィルミーノ,FW,1998/3/16,186,81
讃岐,今村　勇介,GK,1999/5/23,188,87
讃岐,李　眞雨,GK,2003/3/14,190,84
讃岐,高橋　クリス,GK,2002/1/11,182,79
讃岐,井林　章,DF,1990/9/5,177,72
讃岐,辻岡　招真,DF,2004/3/5,176,70
讃岐,イ　ギサン,DF,2003/12/8,187,80
讃岐,田尾　佳祐,DF,2003/11/18,180,70
讃岐,岡　英輝,DF,2003/5/26,185,80
讃岐,左合　修土,DF,2002/2/6,171,69
讃岐,原野　楼惟,DF,2007/5/6,168,62
讃岐,高嶋　修也,DF,2000/4/24,182,77
讃岐,林田　魁斗,DF,2001/8/29,183,77
讃岐,國分　将,MF,1995/5/14,174,73
讃岐,宮﨑　慎,MF,2003/8/30,176,70
讃岐,江口　直生,MF,1992/3/22,170,69
讃岐,森　勇人,MF,1995/4/21,174,68
讃岐,川西　翔太,MF,1988/10/28,177,73
讃岐,前川　大河,MF,1996/6/13,171,66
讃岐,石倉　潤征,MF,2003/3/3,178,74
讃岐,岩本　和希,MF,1997/4/7,176,67
讃岐,有田　朱里,MF,1999/5/29,164,65
讃岐,牧山　晃政,MF,2000/12/10,172,67
讃岐,柳　雄太郎,MF,1995/9/18,174,70
讃岐,河上　将平,MF,1997/10/26,170,66
讃岐,森川　裕基,MF,1993/1/7,176,68
讃岐,禹　相皓,MF,1992/12/7,174,77
讃岐,淺田　彗潤,MF,2004/2/12,172,67
讃岐,佐野　竜眞,FW,2004/2/16,170,66
讃岐,大野　耀平,FW,1994/12/6,184,79
讃岐,上野　輝人,FW,2000/9/14,175,72
讃岐,村上　悠緋,FW,2000/12/19,178,75
讃岐,後藤　優介,FW,1993/4/23,171,70
愛媛,徳重　健太,GK,1984/3/9,187,90
愛媛,白坂　楓馬,GK,1996/12/5,182,78
愛媛,辻　周吾,GK,1997/7/21,187,80
愛媛,牧口　一真,GK,2004/9/8,188,80
愛媛,山原　康太郎,DF,2000/9/19,182,75
愛媛,黒石　貴哉,DF,1997/2/24,183,77
愛媛,金沢　一矢,DF,2002/10/31,183,79
愛媛,石尾　崚雅,DF,2000/5/18,183,76
愛媛,大坪　謙也,DF,2003/6/5,180,75
愛媛,森山　公弥,DF,2002/4/4,178,73
愛媛,阿部　稜汰,DF,2001/7/7,171,68
愛媛,杉山　耕二,DF,1998/4/19,180,74
愛媛,平野　皓大,DF,2009/9/25,170,59
愛媛,谷岡　昌,MF,2001/7/14,180,73
愛媛,曽根田　穣,MF,1994/8/29,171,71
愛媛,山下　雄大,MF,2000/8/23,179,72
愛媛,斉藤　涼優,MF,2003/2/15,170,60
愛媛,細谷　航平,MF,2001/12/11,182,72
愛媛,竹本　雄飛,MF,1997/8/19,176,70
愛媛,宮本　航汰,MF,1996/6/19,177,73
愛媛,日野　翔太,MF,2002/10/16,167,61
愛媛,武藤　寛,MF,2003/9/2,168,64
愛媛,行友　翔哉,MF,2005/1/5,174,66
愛媛,アデオラ　デイビッド,MF,2007/6/26,177,75
愛媛,仙波　隼太郎,MF,2009/4/27,173,63
愛媛,前田　椋介,MF,1998/3/2,170,64
愛媛,藤本　佳希,FW,1994/2/3,178,78
愛媛,佐藤　亮,FW,1997/11/24,173,65
愛媛,藤原　悠汰,FW,1999/4/9,165,66
愛媛,田口　裕也,FW,2001/4/8,180,73
愛媛,舩橋　京汰,FW,2005/7/31,177,69
愛媛,西条　将太,FW,2006/2/1,190,84
愛媛,山口　太陽,FW,2006/8/18,184,79
愛媛,樺山　諒乃介,FW,2002/9/17,171,68
高知,大野　来生,GK,2001/9/2,181,78
高知,猪瀬　康介,GK,2000/12/25,185,76
高知,永田　陸,GK,2003/9/11,182,80
高知,村田　侑大,GK,2005/9/9,186,83
高知,福宮　弘乃介,DF,1998/4/8,180,75
高知,小林　大智,DF,1999/1/7,180,73
高知,深川　大輔,DF,1999/6/2,181,75
高知,藤森　隆汰,DF,2000/9/16,175,74
高知,松本　大地,DF,2003/6/1,183,78
高知,浅野　良啓,DF,2003/12/31,175,73
高知,加藤　佑太郎,DF,2004/2/10,190,85
高知,星　キョーワァン,DF,1997/6/25,184,82
高知,濱　託巳,DF,1996/9/11,175,75
高知,金原　朝陽,MF,2000/9/24,171,63
高知,高野　裕維,MF,2000/8/4,173,68
高知,佐々木　敦河,MF,1998/6/19,176,67
高知,三好　麟大,MF,2003/3/2,165,62
高知,関野　元弥,MF,1999/3/10,167,67
高知,上月　翔聖,MF,2000/2/1,173,68
高知,岡澤　韻生,MF,2002/8/16,175,69
高知,坂岸　寛大,MF,2002/1/18,168,64
高知,工藤　真人,MF,2001/5/7,172,66
高知,田中　稔也,MF,1997/12/2,175,61
高知,三門　雄大,MF,1986/12/26,175,72
高知,新谷　聖基,FW,1998/6/12,171,75
高知,河田　篤秀,FW,1992/9/18,177,77
高知,青戸　翔,FW,1996/8/9,185,77
高知,杉山　伶央,FW,2000/3/4,170,64
高知,長　疾風,FW,2007/8/17,169,64
北九州,伊藤　剛,GK,1994/3/23,191,86
北九州,大谷　幸輝,GK,1989/4/8,186,87
北九州,谷口　璃成,GK,2003/6/7,194,80
北九州,杉本　光希,GK,2001/8/17,181,76
北九州,奈良坂　巧,DF,2002/7/6,187,82
北九州,長谷川　光基,DF,1999/4/27,178,70
北九州,生駒　仁,DF,1999/7/1,185,77
北九州,前田　稜太,DF,2004/1/22,180,75
北九州,福森　健太,DF,1994/7/4,169,68
北九州,世良　務,DF,2006/4/17,175,67
北九州,西袋　裕太,DF,1994/9/6,183,81
北九州,星　広太,MF,1992/7/27,171,63
北九州,平原　隆暉,MF,2003/5/1,168,62
北九州,吉長　真優,MF,2002/3/20,173,70
北九州,熊澤　和希,MF,2001/1/13,180,75
北九州,井澤　春輝,MF,1999/6/14,178,73
北九州,丸山　壮大,MF,1999/6/25,173,69
北九州,岡野　凜平,MF,2000/9/15,165,62
北九州,牛之濵　拓,MF,1992/7/14,172,65
北九州,平松　昇,MF,1998/11/26,167,64
北九州,木實　快斗,MF,2007/2/27,171,68
北九州,官澤　琉汰,MF,2005/10/31,175,68
北九州,坂下　湧太郎,MF,2007/8/6,170,62
北九州,髙橋　大悟,MF,1999/4/17,165,60
北九州,河辺　駿太郎,FW,1996/5/26,166,68
北九州,永井　龍,FW,1991/5/23,180,72
北九州,渡邉　颯太,FW,2002/3/1,180,74
北九州,吉原　楓人,FW,2006/9/20,182,73
北九州,坪郷　来紀,FW,2004/10/11,172,62
北九州,高　昇辰,FW,2000/10/10,172,68
北九州,吉田　晃盛,FW,2003/7/17,175,70
熊本,佐藤　史騎,GK,2001/11/1,183,83
熊本,武者　大夢,GK,1999/1/7,186,83
熊本,西村　遥己,GK,2003/4/19,187,75
熊本,佐藤　優也,GK,1986/2/10,186,90
熊本,永野　春樹,GK,2008/6/12,178,60
熊本,黒木　晃平,DF,1989/7/31,175,70
熊本,大西　遼太郎,DF,1997/11/24,179,74
熊本,薬師田　澪,DF,2003/10/17,183,74
熊本,岩下　航,DF,1999/4/1,177,73
熊本,李　泰河,DF,2003/1/16,184,81
熊本,戸田　峻平,DF,2004/1/16,178,77
熊本,長嶋　志歩,DF,2006/4/21,183,74
熊本,伊藤　颯真,DF,2001/7/18,181,72
熊本,小林　慶太,MF,2003/1/30,177,73
熊本,藤井　皓也,MF,2001/8/29,165,60
熊本,上村　周平,MF,1995/10/15,165,63
熊本,飯星　明良,MF,2002/11/8,173,67
熊本,三島　頌平,MF,1995/11/20,176,72
熊本,永井　颯太,MF,1999/8/15,169,59
熊本,渡邉　怜歩,MF,2003/2/6,165,63
熊本,松田　詠太郎,MF,2001/5/20,170,67
熊本,那須　健一,MF,2003/10/2,176,71
熊本,根岸　恵汰,MF,2002/7/12,177,72
熊本,吉岡　優希,MF,2003/8/19,174,69
熊本,青木　俊輔,MF,2003/1/8,170,67
熊本,大本　祐槻,MF,1994/9/24,176,69
熊本,鹿取　勇斗,FW,2003/11/11,174,68
熊本,ベ　ジョンミン,FW,2001/6/16,177,73
熊本,石原　央羅,FW,2002/6/18,175,70
熊本,半代　将都,FW,2002/4/10,177,72
鹿児島,藤嶋　栄介,GK,1992/1/31,186,80
鹿児島,川上　康平,GK,2001/4/24,187,82
鹿児島,上高原　奏輝,GK,2008/8/24,176,74
鹿児島,熊倉　匠,GK,2002/7/30,180,80
鹿児島,杉井　颯,DF,2000/5/17,177,72
鹿児島,広瀬　健太,DF,1992/6/26,178,75
鹿児島,山田　裕翔,DF,2001/7/19,182,80
鹿児島,村松　航太,DF,1997/8/22,171,73
鹿児島,小島　凛士郎,DF,2005/5/1,176,71
鹿児島,川島　功奨,DF,2002/5/27,167,64
鹿児島,江川　慶城,DF,2000/4/2,180,78
鹿児島,川上　篤人,DF,2009/7/22,184,75
鹿児島,青木　義孝,DF,1998/9/2,177,73
鹿児島,嵯峨　理久,MF,1998/5/27,166,64
鹿児島,千布　一輝,MF,1995/7/13,177,72
鹿児島,藤村　慶太,MF,1993/9/2,184,72
鹿児島,吉尾　虹樹,MF,2001/4/25,167,61
鹿児島,稲葉　修土,MF,1993/6/29,172,69
鹿児島,圓道　将良,MF,1999/10/26,162,67
鹿児島,梅木　翔斗,MF,2004/10/6,171,68
鹿児島,山崎　倫,MF,2003/5/20,175,60
鹿児島,外山　鉄馬,MF,2009/10/27,168,65
鹿児島,三品　直哉,MF,2003/4/23,173,71
鹿児島,有田　稜,FW,1999/8/28,185,77
鹿児島,武　星弥,FW,2004/10/15,176,71
鹿児島,福田　望久斗,FW,2000/2/20,171,62
鹿児島,河村　慶人,FW,1999/9/11,174,72
鹿児島,米澤　令衣,FW,1996/7/20,176,66
鹿児島,中山　桂吾,FW,2003/12/14,181,75
琉球,佐藤　久弥,GK,1998/4/4,180,77
琉球,梅田　陸空,GK,2000/10/27,187,83
琉球,宮本　流維,GK,2004/3/3,188,81
琉球,川島　康暉,GK,1999/10/20,188,85
琉球,菊地　脩太,DF,2003/8/16,182,76
琉球,藤春　廣輝,DF,1988/11/28,175,60
琉球,モハメド　バイ　カマラ,DF,2005/1/10,184,70
琉球,鈴木　順也,DF,1996/5/2,182,78
琉球,荒木　遼太,DF,2000/12/16,172,69
琉球,神谷　凱士,DF,1997/6/16,183,76
琉球,船橋　勇真,DF,1997/11/13,178,80
琉球,千葉　和彦,DF,1985/6/21,183,77
琉球,亀谷　怜生,DF,2008/10/30,180,70
琉球,渡久地　希来,DF,2009/1/21,164,62
琉球,志慶眞　巧洋,MF,2007/12/30,168,70
琉球,茂木　駿佑,MF,1996/10/2,167,64
琉球,堀内　颯人,MF,1996/7/3,179,70
琉球,富所　悠,MF,1990/4/21,175,70
琉球,石浦　大雅,MF,2001/11/22,170,66
琉球,岩本　翔,MF,2001/3/18,167,64
琉球,井堀　二昭,MF,2001/4/16,169,66
琉球,加藤　悠馬,MF,2001/12/15,164,63
琉球,堀内　陽太,MF,2004/7/8,171,66
琉球,津覇　実樹,MF,2005/1/24,177,68
琉球,成田　安里,MF,2002/12/6,178,72
琉球,池田　廉,MF,1997/11/10,177,68
琉球,浅川　隼人,FW,1995/5/10,178,70
琉球,上野　瑶介,FW,1998/10/9,180,74
琉球,佐藤　未勇,FW,2000/7/19,182,76
琉球,曽田　一騎,FW,2000/1/9,180,74
琉球,カル　ジェニングス,FW,1997/5/17,180,77
琉球,庵原　篤人,FW,2001/6/13,168,65
琉球,高木　大輔,FW,1995/10/14,170,64
